Workbook

Sheet 工作表1
B1: =IF([1]攻守數據!AM2 = "", "", [1]攻守數據!AM2) -> 寶可夢 | C1: =IF([1]攻守數據!AN2 = "", "", [1]攻守數據!AN2) -> 屬性 | D1: =IF([1]攻守數據!AO2 = "", "", [1]攻守數據!AO2) -> 屬修 | E1: =IF([1]攻守數據!AP2 = "", "", [1]攻守數據!AP2) -> 基礎攻擊 | F1: =IF([1]攻守數據!AQ2 = "", "", [1]攻守數據!AQ2) -> 超級巨/極巨 | I1: 攻/守 | J1: 一般 | K1: 火 | L1: 格鬥 | M1: 水 | N1: 飛行 | O1: 草 | P1: 毒 | Q1: 電 | R1: 地面 | S1: 超能力 | T1: 岩石 | U1: 冰 | V1: 蟲 | W1: 龍 | X1: 幽靈 | Y1: 惡 | Z1: 鋼 | AA1: 妖精 | AB1: 無
B2: =IF([1]攻守數據!AM3 = "", "", [1]攻守數據!AM3) -> 超極巨轟擂金剛猩 | C2: =IF([1]攻守數據!AN3 = "", "", [1]攻守數據!AN3) -> 草 | D2: =IF([1]攻守數據!AO3 = "", "", [1]攻守數據!AO3) -> Y | E2: =IF([1]攻守數據!AP3 = "", "", [1]攻守數據!AP3) -> 207 | F2: =IF([1]攻守數據!AQ3 = "", "", [1]攻守數據!AQ3) -> G | I2: 一般 | J2: 1 | K2: 1 | L2: 1 | M2: 1 | N2: 1 | O2: 1 | P2: 1 | Q2: 1 | R2: 1 | S2: 1 | T2: 0.625 | U2: 1 | V2: 1 | W2: 1 | X2: 0.391 | Y2: 1 | Z2: 0.625 | AA2: 1 | AB2: 1
B3: =IF([1]攻守數據!AM4 = "", "", [1]攻守數據!AM4) -> 轟擂金剛猩 | C3: =IF([1]攻守數據!AN4 = "", "", [1]攻守數據!AN4) -> 草 | D3: =IF([1]攻守數據!AO4 = "", "", [1]攻守數據!AO4) -> Y | E3: =IF([1]攻守數據!AP4 = "", "", [1]攻守數據!AP4) -> 207 | F3: =IF([1]攻守數據!AQ4 = "", "", [1]攻守數據!AQ4) -> D | I3: 火 | J3: 1 | K3: 0.625 | L3: 1 | M3: 0.625 | N3: 1 | O3: 1.6 | P3: 1 | Q3: 1 | R3: 1 | S3: 1 | T3: 0.625 | U3: 1.6 | V3: 1.6 | W3: 0.625 | X3: 1 | Y3: 1 | Z3: 1.6 | AA3: 1 | AB3: 1
B4: =IF([1]攻守數據!AM5 = "", "", [1]攻守數據!AM5) -> 超極巨怪力 | C4: =IF([1]攻守數據!AN5 = "", "", [1]攻守數據!AN5) -> 格鬥 | D4: =IF([1]攻守數據!AO5 = "", "", [1]攻守數據!AO5) -> Y | E4: =IF([1]攻守數據!AP5 = "", "", [1]攻守數據!AP5) -> 201 | F4: =IF([1]攻守數據!AQ5 = "", "", [1]攻守數據!AQ5) -> G | I4: 格鬥 | J4: 1.6 | K4: 1 | L4: 1 | M4: 1 | N4: 0.625 | O4: 1 | P4: 0.625 | Q4: 1 | R4: 1 | S4: 0.625 | T4: 1.6 | U4: 1.6 | V4: 0.625 | W4: 1 | X4: 0.391 | Y4: 1.6 | Z4: 1.6 | AA4: 0.625 | AB4: 1
B5: =IF([1]攻守數據!AM6 = "", "", [1]攻守數據!AM6) -> 怪力 | C5: =IF([1]攻守數據!AN6 = "", "", [1]攻守數據!AN6) -> 鋼 | D5: =IF([1]攻守數據!AO6 = "", "", [1]攻守數據!AO6) -> N | E5: =IF([1]攻守數據!AP6 = "", "", [1]攻守數據!AP6) -> 201 | F5: =IF([1]攻守數據!AQ6 = "", "", [1]攻守數據!AQ6) -> D | I5: 水 | J5: 1 | K5: 1.6 | L5: 1 | M5: 0.625 | N5: 1 | O5: 0.625 | P5: 1 | Q5: 1 | R5: 1.6 | S5: 1 | T5: 1.6 | U5: 1 | V5: 1 | W5: 0.625 | X5: 1 | Y5: 1 | Z5: 1 | AA5: 1 | AB5: 1
B6: =IF([1]攻守數據!AM7 = "", "", [1]攻守數據!AM7) -> 怪力 | C6: =IF([1]攻守數據!AN7 = "", "", [1]攻守數據!AN7) -> 格鬥 | D6: =IF([1]攻守數據!AO7 = "", "", [1]攻守數據!AO7) -> Y | E6: =IF([1]攻守數據!AP7 = "", "", [1]攻守數據!AP7) -> 201 | F6: =IF([1]攻守數據!AQ7 = "", "", [1]攻守數據!AQ7) -> D | I6: 飛行 | J6: 1 | K6: 1 | L6: 1.6 | M6: 1 | N6: 1 | O6: 1.6 | P6: 1 | Q6: 0.625 | R6: 1 | S6: 1 | T6: 0.625 | U6: 1 | V6: 1.6 | W6: 1 | X6: 1 | Y6: 1 | Z6: 0.625 | AA6: 1 | AB6: 1
B7: =IF([1]攻守數據!AM8 = "", "", [1]攻守數據!AM8) -> 卡比獸 | C7: =IF([1]攻守數據!AN8 = "", "", [1]攻守數據!AN8) -> 一般 | D7: =IF([1]攻守數據!AO8 = "", "", [1]攻守數據!AO8) -> Y | E7: =IF([1]攻守數據!AP8 = "", "", [1]攻守數據!AP8) -> 161 | F7: =IF([1]攻守數據!AQ8 = "", "", [1]攻守數據!AQ8) -> G | I7: 草 | J7: 1 | K7: 0.625 | L7: 1 | M7: 1.6 | N7: 0.625 | O7: 0.625 | P7: 0.625 | Q7: 1 | R7: 1.6 | S7: 1 | T7: 1.6 | U7: 1 | V7: 0.625 | W7: 0.625 | X7: 1 | Y7: 1 | Z7: 0.625 | AA7: 1 | AB7: 1
B8: =IF([1]攻守數據!AM9 = "", "", [1]攻守數據!AM9) -> 超極巨顫弦蠑螈 | C8: =IF([1]攻守數據!AN9 = "", "", [1]攻守數據!AN9) -> 電 | D8: =IF([1]攻守數據!AO9 = "", "", [1]攻守數據!AO9) -> Y | E8: =IF([1]攻守數據!AP9 = "", "", [1]攻守數據!AP9) -> 188 | F8: =IF([1]攻守數據!AQ9 = "", "", [1]攻守數據!AQ9) -> G | I8: 毒 | J8: 1 | K8: 1 | L8: 1 | M8: 1 | N8: 1 | O8: 1.6 | P8: 0.625 | Q8: 1 | R8: 0.625 | S8: 1 | T8: 0.625 | U8: 1 | V8: 1 | W8: 1 | X8: 0.625 | Y8: 1 | Z8: 0.391 | AA8: 1.6 | AB8: 1
B9: =IF([1]攻守數據!AM10 = "", "", [1]攻守數據!AM10) -> 顫弦蠑螈 | C9: =IF([1]攻守數據!AN10 = "", "", [1]攻守數據!AN10) -> 電 | D9: =IF([1]攻守數據!AO10 = "", "", [1]攻守數據!AO10) -> Y | E9: =IF([1]攻守數據!AP10 = "", "", [1]攻守數據!AP10) -> 188 | F9: =IF([1]攻守數據!AQ10 = "", "", [1]攻守數據!AQ10) -> D | I9: 電 | J9: 1 | K9: 1 | L9: 1 | M9: 1.6 | N9: 1.6 | O9: 0.625 | P9: 1 | Q9: 0.625 | R9: 0.391 | S9: 1 | T9: 1 | U9: 1 | V9: 1 | W9: 0.625 | X9: 1 | Y9: 1 | Z9: 1 | AA9: 1 | AB9: 1
B10: =IF([1]攻守數據!AM11 = "", "", [1]攻守數據!AM11) -> 顫弦蠑螈 | C10: =IF([1]攻守數據!AN11 = "", "", [1]攻守數據!AN11) -> 毒 | D10: =IF([1]攻守數據!AO11 = "", "", [1]攻守數據!AO11) -> Y | E10: =IF([1]攻守數據!AP11 = "", "", [1]攻守數據!AP11) -> 188 | F10: =IF([1]攻守數據!AQ11 = "", "", [1]攻守數據!AQ11) -> D | I10: 地面 | J10: 1 | K10: 1.6 | L10: 1 | M10: 1 | N10: 0.391 | O10: 0.625 | P10: 1.6 | Q10: 1.6 | R10: 1 | S10: 1 | T10: 1.6 | U10: 1 | V10: 0.625 | W10: 1 | X10: 1 | Y10: 1 | Z10: 1.6 | AA10: 1 | AB10: 1
B11: =IF([1]攻守數據!AM12 = "", "", [1]攻守數據!AM12) -> 超極巨妙蛙花 | C11: =IF([1]攻守數據!AN12 = "", "", [1]攻守數據!AN12) -> 草 | D11: =IF([1]攻守數據!AO12 = "", "", [1]攻守數據!AO12) -> Y | E11: =IF([1]攻守數據!AP12 = "", "", [1]攻守數據!AP12) -> 168 | F11: =IF([1]攻守數據!AQ12 = "", "", [1]攻守數據!AQ12) -> G | I11: 超能力 | J11: 1 | K11: 1 | L11: 1.6 | M11: 1 | N11: 1 | O11: 1 | P11: 1.6 | Q11: 1 | R11: 1 | S11: 0.625 | T11: 1 | U11: 1 | V11: 1 | W11: 1 | X11: 1 | Y11: 0.391 | Z11: 0.625 | AA11: 1 | AB11: 1
B12: =IF([1]攻守數據!AM13 = "", "", [1]攻守數據!AM13) -> 妙蛙花 | C12: =IF([1]攻守數據!AN13 = "", "", [1]攻守數據!AN13) -> 草 | D12: =IF([1]攻守數據!AO13 = "", "", [1]攻守數據!AO13) -> Y | E12: =IF([1]攻守數據!AP13 = "", "", [1]攻守數據!AP13) -> 168 | F12: =IF([1]攻守數據!AQ13 = "", "", [1]攻守數據!AQ13) -> D | I12: 岩石 | J12: 1 | K12: 1.6 | L12: 0.625 | M12: 1 | N12: 1.6 | O12: 1 | P12: 1 | Q12: 1 | R12: 0.625 | S12: 1 | T12: 1 | U12: 1.6 | V12: 1.6 | W12: 1 | X12: 1 | Y12: 1 | Z12: 0.625 | AA12: 1 | AB12: 1
B13: =IF([1]攻守數據!AM14 = "", "", [1]攻守數據!AM14) -> 武道熊師(一) | C13: =IF([1]攻守數據!AN14 = "", "", [1]攻守數據!AN14) -> 格鬥 | D13: =IF([1]攻守數據!AO14 = "", "", [1]攻守數據!AO14) -> Y | E13: =IF([1]攻守數據!AP14 = "", "", [1]攻守數據!AP14) -> 210 | F13: =IF([1]攻守數據!AQ14 = "", "", [1]攻守數據!AQ14) -> D | I13: 冰 | J13: 1 | K13: 0.625 | L13: 1 | M13: 0.625 | N13: 1.6 | O13: 1.6 | P13: 1 | Q13: 1 | R13: 1.6 | S13: 1 | T13: 1 | U13: 0.625 | V13: 1 | W13: 1.6 | X13: 1 | Y13: 1 | Z13: 0.625 | AA13: 1 | AB13: 1
... B20: =IF([1]攻守數據!AM21 = "", "", [1]攻守數據!AM21) -> 耿鬼 | C20: =IF([1]攻守數據!AN21 = "", "", [1]攻守數據!AN21) -> 幽靈 | D20: =IF([1]攻守數據!AO21 = "", "", [1]攻守數據!AO21) -> Y | E20: =IF([1]攻守數據!AP21 = "", "", [1]攻守數據!AP21) -> 223 | F20: =IF([1]攻守數據!AQ21 = "", "", [1]攻守數據!AQ21) -> D | I20: 無 | J20: 1 | K20: 1 | L20: 1 | M20: 1 | N20: 1 | O20: 1 | P20: 1 | Q20: 1 | R20: 1 | S20: 1 | T20: 1 | U20: 1 | V20: 1 | W20: 1 | X20: 1 | Y20: 1 | Z20: 1 | AA20: 1 | AB20: 1
B21: =IF([1]攻守數據!AM22 = "", "", [1]攻守數據!AM22) -> 蒼響 | C21: =IF([1]攻守數據!AN22 = "", "", [1]攻守數據!AN22) -> 鋼 | D21: =IF([1]攻守數據!AO22 = "", "", [1]攻守數據!AO22) -> Y | E21: =IF([1]攻守數據!AP22 = "", "", [1]攻守數據!AP22) -> 291 | F21: =IF([1]攻守數據!AQ22 = "", "", [1]攻守數據!AQ22) -> D
B22: =IF([1]攻守數據!AM23 = "", "", [1]攻守數據!AM23) -> 多刺菊石獸 | C22: =IF([1]攻守數據!AN23 = "", "", [1]攻守數據!AN23) -> 岩石 | D22: =IF([1]攻守數據!AO23 = "", "", [1]攻守數據!AO23) -> Y | E22: =IF([1]攻守數據!AP23 = "", "", [1]攻守數據!AP23) -> 177 | F22: =IF([1]攻守數據!AQ23 = "", "", [1]攻守數據!AQ23) -> D
B23: =IF([1]攻守數據!AM24 = "", "", [1]攻守數據!AM24) -> 妙蛙花 | C23: =IF([1]攻守數據!AN24 = "", "", [1]攻守數據!AN24) -> 草 | D23: =IF([1]攻守數據!AO24 = "", "", [1]攻守數據!AO24) -> Y | E23: =IF([1]攻守數據!AP24 = "", "", [1]攻守數據!AP24) -> 168 | F23: =IF([1]攻守數據!AQ24 = "", "", [1]攻守數據!AQ24) -> D
B24: =IF([1]攻守數據!AM25 = "", "", [1]攻守數據!AM25) -> 列陣兵 | C24: =IF([1]攻守數據!AN25 = "", "", [1]攻守數據!AN25) -> 格鬥 | D24: =IF([1]攻守數據!AO25 = "", "", [1]攻守數據!AO25) -> Y | E24: =IF([1]攻守數據!AP25 = "", "", [1]攻守數據!AP25) -> 164 | F24: =IF([1]攻守數據!AQ25 = "", "", [1]攻守數據!AQ25) -> D
B25: =IF([1]攻守數據!AM26 = "", "", [1]攻守數據!AM26) -> 超極巨閃焰王牌 | C25: =IF([1]攻守數據!AN26 = "", "", [1]攻守數據!AN26) -> 火 | D25: =IF([1]攻守數據!AO26 = "", "", [1]攻守數據!AO26) -> Y | E25: =IF([1]攻守數據!AP26 = "", "", [1]攻守數據!AP26) -> 205 | F25: =IF([1]攻守數據!AQ26 = "", "", [1]攻守數據!AQ26) -> G
B26: =IF([1]攻守數據!AM27 = "", "", [1]攻守數據!AM27) -> 閃焰王牌 | C26: =IF([1]攻守數據!AN27 = "", "", [1]攻守數據!AN27) -> 火 | D26: =IF([1]攻守數據!AO27 = "", "", [1]攻守數據!AO27) -> Y | E26: =IF([1]攻守數據!AP27 = "", "", [1]攻守數據!AP27) -> 205 | F26: =IF([1]攻守數據!AQ27 = "", "", [1]攻守數據!AQ27) -> D
B27: =IF([1]攻守數據!AM28 = "", "", [1]攻守數據!AM28) -> 鐮刀盔 | C27: =IF([1]攻守數據!AN28 = "", "", [1]攻守數據!AN28) -> 格鬥 | D27: =IF([1]攻守數據!AO28 = "", "", [1]攻守數據!AO28) -> N | E27: =IF([1]攻守數據!AP28 = "", "", [1]攻守數據!AP28) -> 185 | F27: =IF([1]攻守數據!AQ28 = "", "", [1]攻守數據!AQ28) -> D
B28: =IF([1]攻守數據!AM29 = "", "", [1]攻守數據!AM29) -> 超極巨噴火龍 | C28: =IF([1]攻守數據!AN29 = "", "", [1]攻守數據!AN29) -> 火 | D28: =IF([1]攻守數據!AO29 = "", "", [1]攻守數據!AO29) -> Y | E28: =IF([1]攻守數據!AP29 = "", "", [1]攻守數據!AP29) -> 187 | F28: =IF([1]攻守數據!AQ29 = "", "", [1]攻守數據!AQ29) -> G
B29: =IF([1]攻守數據!AM30 = "", "", [1]攻守數據!AM30) -> 噴火龍 | C29: =IF([1]攻守數據!AN30 = "", "", [1]攻守數據!AN30) -> 飛行 | D29: =IF([1]攻守數據!AO30 = "", "", [1]攻守數據!AO30) -> Y | E29: =IF([1]攻守數據!AP30 = "", "", [1]攻守數據!AP30) -> 187 | F29: =IF([1]攻守數據!AQ30 = "", "", [1]攻守數據!AQ30) -> D
B30: =IF([1]攻守數據!AM31 = "", "", [1]攻守數據!AM31) -> 噴火龍 | C30: =IF([1]攻守數據!AN31 = "", "", [1]攻守數據!AN31) -> 火 | D30: =IF([1]攻守數據!AO31 = "", "", [1]攻守數據!AO31) -> Y | E30: =IF([1]攻守數據!AP31 = "", "", [1]攻守數據!AP31) -> 187 | F30: =IF([1]攻守數據!AQ31 = "", "", [1]攻守數據!AQ31) -> D
B31: =IF([1]攻守數據!AM32 = "", "", [1]攻守數據!AM32) -> 噴火龍 | C31: =IF([1]攻守數據!AN32 = "", "", [1]攻守數據!AN32) -> 龍 | D31: =IF([1]攻守數據!AO32 = "", "", [1]攻守數據!AO32) -> N | E31: =IF([1]攻守數據!AP32 = "", "", [1]攻守數據!AP32) -> 187 | F31: =IF([1]攻守數據!AQ32 = "", "", [1]攻守數據!AQ32) -> D
B32: =IF([1]攻守數據!AM33 = "", "", [1]攻守數據!AM33) -> 無極汰那 | C32: =IF([1]攻守數據!AN33 = "", "", [1]攻守數據!AN33) -> 龍 | D32: =IF([1]攻守數據!AO33 = "", "", [1]攻守數據!AO33) -> Y | E32: =IF([1]攻守數據!AP33 = "", "", [1]攻守數據!AP33) -> 239 | F32: =IF([1]攻守數據!AQ33 = "", "", [1]攻守數據!AQ33) -> G
... B200: =IF([1]攻守數據!AM201 = "", "", [1]攻守數據!AM201) | C200: =IF([1]攻守數據!AN201 = "", "", [1]攻守數據!AN201) | D200: =IF([1]攻守數據!AO201 = "", "", [1]攻守數據!AO201) | E200: =IF([1]攻守數據!AP201 = "", "", [1]攻守數據!AP201) | F200: =IF([1]攻守數據!AQ201 = "", "", [1]攻守數據!AQ201)
