Workbook

Sheet 工作表1
A1: =[1]寶可夢圖鑑!A1 -> 名稱 | B1: =[1]寶可夢圖鑑!B1 -> 屬性 1 | C1: =[1]寶可夢圖鑑!C1 -> 屬性 2
A2: =[1]寶可夢圖鑑!A2 -> 妙蛙種子 | B2: =[1]寶可夢圖鑑!B2 -> 草 | C2: =[1]寶可夢圖鑑!C2 -> 毒
A3: =[1]寶可夢圖鑑!A3 -> 妙蛙草 | B3: =[1]寶可夢圖鑑!B3 -> 草 | C3: =[1]寶可夢圖鑑!C3 -> 毒
A4: =[1]寶可夢圖鑑!A4 -> 妙蛙花 | B4: =[1]寶可夢圖鑑!B4 -> 草 | C4: =[1]寶可夢圖鑑!C4 -> 毒
A5: =[1]寶可夢圖鑑!A5 -> 小火龍 | B5: =[1]寶可夢圖鑑!B5 -> 火 | C5: =[1]寶可夢圖鑑!C5 -> 無
A6: =[1]寶可夢圖鑑!A6 -> 火恐龍 | B6: =[1]寶可夢圖鑑!B6 -> 火 | C6: =[1]寶可夢圖鑑!C6 -> 無
A7: =[1]寶可夢圖鑑!A7 -> 噴火龍 | B7: =[1]寶可夢圖鑑!B7 -> 火 | C7: =[1]寶可夢圖鑑!C7 -> 飛行
A8: =[1]寶可夢圖鑑!A8 -> 傑尼龜 | B8: =[1]寶可夢圖鑑!B8 -> 水 | C8: =[1]寶可夢圖鑑!C8 -> 無
A9: =[1]寶可夢圖鑑!A9 -> 卡咪龜 | B9: =[1]寶可夢圖鑑!B9 -> 水 | C9: =[1]寶可夢圖鑑!C9 -> 無
A10: =[1]寶可夢圖鑑!A10 -> 水箭龜 | B10: =[1]寶可夢圖鑑!B10 -> 水 | C10: =[1]寶可夢圖鑑!C10 -> 無
A11: =[1]寶可夢圖鑑!A11 -> 綠毛蟲 | B11: =[1]寶可夢圖鑑!B11 -> 蟲 | C11: =[1]寶可夢圖鑑!C11 -> 無
A12: =[1]寶可夢圖鑑!A12 -> 鐵甲蛹 | B12: =[1]寶可夢圖鑑!B12 -> 蟲 | C12: =[1]寶可夢圖鑑!C12 -> 無
... A1200: =[1]寶可夢圖鑑!A1200 -> 桃歹郎 | B1200: =[1]寶可夢圖鑑!B1200 -> 毒 | C1200: =[1]寶可夢圖鑑!C1200 -> 幽靈
