Workbook

Sheet 攻守數據
A1: 格鬥 | C1: 地面 | E1: 水 | G1: 妖精 | K1: 屬性 | L1: 格鬥 | M1: 草
A2: 寶可夢 | B2: 抗性防禦 | C2: 寶可夢 | D2: 抗性防禦 | E2: 寶可夢 | F2: 抗性防禦 | G2: 寶可夢 | H2: 抗性防禦 | J2: 寶可夢 | K2: 屬性 | L2: 屬修 | M2: 基礎攻擊 | N2: 超級巨/極巨 | O2: 輸出 | Y2: 寶可夢 | Z2: 屬性一 | AA2: 屬性二 | AB2: 基礎防禦 | AD2: 寶可夢 | AE2: 屬性 | AF2: 屬修 | AG2: 基礎攻擊 | AH2: 超級巨/極巨 | AI2: 輸出 | AK2: 寶可夢 | AL2: 抗性防禦 | AM2: 寶可夢 | AN2: 抗性防禦 | AO2: 寶可夢 | AP2: 抗性防禦 | AQ2: 寶可夢 | AR2: 抗性防禦
A3: {=_xlfn.SORTBY(AK3:AL65, AL3:AL65, -1)} -> 洛奇亞 | B3: 129.61024 | C3: {=_xlfn.SORTBY(AM3:AN65, AN3:AN65, -1)} -> 洛奇亞 | D3: 129.48593 | E3: {=_xlfn.SORTBY(AO3:AP65, AP3:AP65, -1)} -> 幸福蛋 | F3: 61.686 | G3: {=_xlfn.SORTBY(AQ3:AR65, AR3:AR65, -1)} -> 藏瑪然特 | H3: 68.912 | J3: {=_xlfn.SORTBY(AD3:AI116, AI3:AI116, -1)} -> 閃電鳥 | K3: 飛行 | L3: Y | M3: 203 | N3: D | O3: 218265.6 | P3: =O3/$O$3 -> 1 | Y3: 幸福蛋 | Z3: 一般 | AA3: 無 | AB3: =AC4 -> 61.686 | AD3: 轟擂金剛猩 | AE3: 草 | AF3: Y | AG3: =AJ3 -> 200 | AH3: G | AI3: =AG3*IF(AH3="G", 450, IF(AH3="D", 350, 0)) * IF(AF3="Y", 1.2, 1)*(INDEX(屬性克制表!$B$2:$T$20, MATCH(AE3, 屬性克制表!$A$2:$A$20, 0), MATCH($L$1, 屬性克制表!$B$1:$T$1, 0)) * INDEX(屬性克制表!$B$2:$T$20, MATCH(AE3, 屬性克制表!$A$2:$A$20, 0), MATCH($M$1, 屬性克制表!$B$1:$T$1, 0))) -> 67500 | AJ3: =_xlfn.XLOOKUP(AD3, 數據!B$2:B$50, 數據!M$2:M$50) -> 200 | AK3: 幸福蛋 | AL3: =AB3/(INDEX(屬性克制表!$B$2:$T$20, MATCH($A$1, 屬性克制表!$A$2:$A$20, 0), MATCH(Z3, 屬性克制表!$B$1:$T$1, 0)) * INDEX(屬性克制表!$B$2:$T$20, MATCH($A$1, 屬性克制表!$A$2:$A$20, 0), MATCH(AA3, 屬性克制表!$B$1:$T$1, 0))) -> 38.55375 | AM3: 幸福蛋 | AN3: =AB3/(INDEX(屬性克制表!$B$2:$T$20, MATCH($C$1, 屬性克制表!$A$2:$A$20, 0), MATCH(Z3, 屬性克制表!$B$1:$T$1, 0)) * INDEX(屬性克制表!$B$2:$T$20, MATCH($C$1, 屬性克制表!$A$2:$A$20, 0), MATCH(AA3, 屬性克制表!$B$1:$T$1, 0))) -> 61.686 | AO3: 幸福蛋 | AP3: =AB3/(INDEX(屬性克制表!$B$2:$T$20, MATCH($E$1, 屬性克制表!$A$2:$A$20, 0), MATCH(Z3, 屬性克制表!$B$1:$T$1, 0)) * INDEX(屬性克制表!$B$2:$T$20, MATCH($E$1, 屬性克制表!$A$2:$A$20, 0), MATCH(AA3, 屬性克制表!$B$1:$T$1, 0))) -> 61.686 | AQ3: 幸福蛋 | AR3: =AB3/(INDEX(屬性克制表!$B$2:$T$20, MATCH($G$1, 屬性克制表!$A$2:$A$20, 0), MATCH(Z3, 屬性克制表!$B$1:$T$1, 0)) * INDEX(屬性克制表!$B$2:$T$20, MATCH($G$1, 屬性克制表!$A$2:$A$20, 0), MATCH(AA3, 屬性克制表!$B$1:$T$1, 0))) -> 61.686
A4: 耿鬼 | B4: 74.573913 | C4: 急凍鳥 | D4: 78.015345 | E4: 無極汰那 | F4: 57.2832 | G4: 幸福蛋 | H4: 61.686 | J4: 火焰鳥 | K4: 飛行 | L4: Y | M4: 200 | N4: D | O4: 215040 | P4: =O4/$O$3 -> 0.98522167 | Y4: 藏瑪然特 | Z4: 鋼 | AA4: 格鬥 | AB4: =AC5 -> 43.07 | AC4: =數據!P2 -> 61.686 | AD4: 怪力 | AE4: 格鬥 | AF4: Y | AG4: =AJ4 -> 201 | AH4: G | AI4: =AG4*IF(AH4="G", 450, IF(AH4="D", 350, 0)) * IF(AF4="Y", 1.2, 1)*(INDEX(屬性克制表!$B$2:$T$20, MATCH(AE4, 屬性克制表!$A$2:$A$20, 0), MATCH($L$1, 屬性克制表!$B$1:$T$1, 0)) * INDEX(屬性克制表!$B$2:$T$20, MATCH(AE4, 屬性克制表!$A$2:$A$20, 0), MATCH($M$1, 屬性克制表!$B$1:$T$1, 0))) -> 108540 | AJ4: =_xlfn.XLOOKUP(AD4, 數據!B$2:B$50, 數據!M$2:M$50) -> 201 | AK4: 藏瑪然特 | AL4: =AB4/(INDEX(屬性克制表!$B$2:$T$20, MATCH($A$1, 屬性克制表!$A$2:$A$20, 0), MATCH(Z4, 屬性克制表!$B$1:$T$1, 0)) * INDEX(屬性克制表!$B$2:$T$20, MATCH($A$1, 屬性克制表!$A$2:$A$20, 0), MATCH(AA4, 屬性克制表!$B$1:$T$1, 0))) -> 26.91875 | AM4: 藏瑪然特 | AN4: =AB4/(INDEX(屬性克制表!$B$2:$T$20, MATCH($C$1, 屬性克制表!$A$2:$A$20, 0), MATCH(Z4, 屬性克制表!$B$1:$T$1, 0)) * INDEX(屬性克制表!$B$2:$T$20, MATCH($C$1, 屬性克制表!$A$2:$A$20, 0), MATCH(AA4, 屬性克制表!$B$1:$T$1, 0))) -> 26.91875 | AO4: 藏瑪然特 | AP4: =AB4/(INDEX(屬性克制表!$B$2:$T$20, MATCH($E$1, 屬性克制表!$A$2:$A$20, 0), MATCH(Z4, 屬性克制表!$B$1:$T$1, 0)) * INDEX(屬性克制表!$B$2:$T$20, MATCH($E$1, 屬性克制表!$A$2:$A$20, 0), MATCH(AA4, 屬性克制表!$B$1:$T$1, 0))) -> 43.07 | AQ4: 藏瑪然特 | AR4: =AB4/(INDEX(屬性克制表!$B$2:$T$20, MATCH($G$1, 屬性克制表!$A$2:$A$20, 0), MATCH(Z4, 屬性克制表!$B$1:$T$1, 0)) * INDEX(屬性克制表!$B$2:$T$20, MATCH($G$1, 屬性克制表!$A$2:$A$20, 0), MATCH(AA4, 屬性克制表!$B$1:$T$1, 0))) -> 68.912
A5: 沙奈朵 | B5: 61.6192 | C5: 巴大蝶 | D5: 64.765217 | E5: 水君 | F5: 55.328 | G5: 蒼響 | H5: 58.9584 | J5: 高傲雉雞 | K5: 飛行 | L5: Y | M5: 188 | N5: D | O5: 202137.6 | P5: =O5/$O$3 -> 0.92610837 | Y5: 卡比獸 | Z5: 一般 | AA5: 無 | AB5: =AC6 -> 33.768 | AC5: =數據!P3 -> 43.07 | AD5: 戰弦蠑螈 | AE5: 電 | AF5: Y | AG5: =AJ5 -> 188 | AH5: G | AI5: =AG5*IF(AH5="G", 450, IF(AH5="D", 350, 0)) * IF(AF5="Y", 1.2, 1)*(INDEX(屬性克制表!$B$2:$T$20, MATCH(AE5, 屬性克制表!$A$2:$A$20, 0), MATCH($L$1, 屬性克制表!$B$1:$T$1, 0)) * INDEX(屬性克制表!$B$2:$T$20, MATCH(AE5, 屬性克制表!$A$2:$A$20, 0), MATCH($M$1, 屬性克制表!$B$1:$T$1, 0))) -> 63450 | AJ5: =_xlfn.XLOOKUP(AD5, 數據!B$2:B$50, 數據!M$2:M$50) -> 188 | AK5: 卡比獸 | AL5: =AB5/(INDEX(屬性克制表!$B$2:$T$20, MATCH($A$1, 屬性克制表!$A$2:$A$20, 0), MATCH(Z5, 屬性克制表!$B$1:$T$1, 0)) * INDEX(屬性克制表!$B$2:$T$20, MATCH($A$1, 屬性克制表!$A$2:$A$20, 0), MATCH(AA5, 屬性克制表!$B$1:$T$1, 0))) -> 21.105 | AM5: 卡比獸 | AN5: =AB5/(INDEX(屬性克制表!$B$2:$T$20, MATCH($C$1, 屬性克制表!$A$2:$A$20, 0), MATCH(Z5, 屬性克制表!$B$1:$T$1, 0)) * INDEX(屬性克制表!$B$2:$T$20, MATCH($C$1, 屬性克制表!$A$2:$A$20, 0), MATCH(AA5, 屬性克制表!$B$1:$T$1, 0))) -> 33.768 | AO5: 卡比獸 | AP5: =AB5/(INDEX(屬性克制表!$B$2:$T$20, MATCH($E$1, 屬性克制表!$A$2:$A$20, 0), MATCH(Z5, 屬性克制表!$B$1:$T$1, 0)) * INDEX(屬性克制表!$B$2:$T$20, MATCH($E$1, 屬性克制表!$A$2:$A$20, 0), MATCH(AA5, 屬性克制表!$B$1:$T$1, 0))) -> 33.768 | AQ5: 卡比獸 | AR5: =AB5/(INDEX(屬性克制表!$B$2:$T$20, MATCH($G$1, 屬性克制表!$A$2:$A$20, 0), MATCH(Z5, 屬性克制表!$B$1:$T$1, 0)) * INDEX(屬性克制表!$B$2:$T$20, MATCH($G$1, 屬性克制表!$A$2:$A$20, 0), MATCH(AA5, 屬性克制表!$B$1:$T$1, 0))) -> 33.768
A6: 無極汰那 | B6: 57.2832 | C6: 幸福蛋 | D6: 61.686 | E6: 鐮刀盔 | F6: 54.20032 | G6: 洛奇亞 | H6: 50.629 | J6: 噴火龍 | K6: 飛行 | L6: Y | M6: 187 | N6: D | O6: 201062.4 | P6: =O6/$O$3 -> 0.92118227 | Y6: 水君 | Z6: 水 | AA6: 無 | AB6: =AC7 -> 34.58 | AC6: =數據!P4 -> 33.768 | AD6: 妙蛙花 | AE6: 草 | AF6: Y | AG6: =AJ6 -> 159 | AH6: G | AI6: =AG6*IF(AH6="G", 450, IF(AH6="D", 350, 0)) * IF(AF6="Y", 1.2, 1)*(INDEX(屬性克制表!$B$2:$T$20, MATCH(AE6, 屬性克制表!$A$2:$A$20, 0), MATCH($L$1, 屬性克制表!$B$1:$T$1, 0)) * INDEX(屬性克制表!$B$2:$T$20, MATCH(AE6, 屬性克制表!$A$2:$A$20, 0), MATCH($M$1, 屬性克制表!$B$1:$T$1, 0))) -> 53662.5 | AJ6: =_xlfn.XLOOKUP(AD6, 數據!B$2:B$50, 數據!M$2:M$50) -> 159 | AK6: 水君 | AL6: =AB6/(INDEX(屬性克制表!$B$2:$T$20, MATCH($A$1, 屬性克制表!$A$2:$A$20, 0), MATCH(Z6, 屬性克制表!$B$1:$T$1, 0)) * INDEX(屬性克制表!$B$2:$T$20, MATCH($A$1, 屬性克制表!$A$2:$A$20, 0), MATCH(AA6, 屬性克制表!$B$1:$T$1, 0))) -> 34.58 | AM6: 水君 | AN6: =AB6/(INDEX(屬性克制表!$B$2:$T$20, MATCH($C$1, 屬性克制表!$A$2:$A$20, 0), MATCH(Z6, 屬性克制表!$B$1:$T$1, 0)) * INDEX(屬性克制表!$B$2:$T$20, MATCH($C$1, 屬性克制表!$A$2:$A$20, 0), MATCH(AA6, 屬性克制表!$B$1:$T$1, 0))) -> 34.58 | AO6: 水君 | AP6: =AB6/(INDEX(屬性克制表!$B$2:$T$20, MATCH($E$1, 屬性克制表!$A$2:$A$20, 0), MATCH(Z6, 屬性克制表!$B$1:$T$1, 0)) * INDEX(屬性克制表!$B$2:$T$20, MATCH($E$1, 屬性克制表!$A$2:$A$20, 0), MATCH(AA6, 屬性克制表!$B$1:$T$1, 0))) -> 55.328 | AQ6: 水君 | AR6: =AB6/(INDEX(屬性克制表!$B$2:$T$20, MATCH($G$1, 屬性克制表!$A$2:$A$20, 0), MATCH(Z6, 屬性克制表!$B$1:$T$1, 0)) * INDEX(屬性克制表!$B$2:$T$20, MATCH($G$1, 屬性克制表!$A$2:$A$20, 0), MATCH(AA6, 屬性克制表!$B$1:$T$1, 0))) -> 34.58
A7: 布莉姆溫 | B7: 50.7904 | C7: 高傲雉雞 | D7: 51.969309 | E7: 拉普拉斯 | F7: 54.096 | G7: 鋼鎧鴉 | H7: 50.16 | J7: 閃焰王牌 | K7: 火 | L7: Y | M7: 205 | N7: G | O7: 177120 | P7: =O7/$O$3 -> 0.81148839 | Y7: 無極汰那 | Z7: 龍 | AA7: 毒 | AB7: =AC8 -> 35.802 | AC7: =數據!P5 -> 34.58 | AD7: 武道熊師(連) | AE7: 格鬥 | AF7: Y | AG7: =AJ7 -> 210 | AH7: D | AI7: =AG7*IF(AH7="G", 450, IF(AH7="D", 350, 0)) * IF(AF7="Y", 1.2, 1)*(INDEX(屬性克制表!$B$2:$T$20, MATCH(AE7, 屬性克制表!$A$2:$A$20, 0), MATCH($L$1, 屬性克制表!$B$1:$T$1, 0)) * INDEX(屬性克制表!$B$2:$T$20, MATCH(AE7, 屬性克制表!$A$2:$A$20, 0), MATCH($M$1, 屬性克制表!$B$1:$T$1, 0))) -> 88200 | AJ7: =_xlfn.XLOOKUP(AD7, 數據!B$2:B$50, 數據!M$2:M$50) -> 210 | AK7: 無極汰那 | AL7: =AB7/(INDEX(屬性克制表!$B$2:$T$20, MATCH($A$1, 屬性克制表!$A$2:$A$20, 0), MATCH(Z7, 屬性克制表!$B$1:$T$1, 0)) * INDEX(屬性克制表!$B$2:$T$20, MATCH($A$1, 屬性克制表!$A$2:$A$20, 0), MATCH(AA7, 屬性克制表!$B$1:$T$1, 0))) -> 57.2832 | AM7: 無極汰那 | AN7: =AB7/(INDEX(屬性克制表!$B$2:$T$20, MATCH($C$1, 屬性克制表!$A$2:$A$20, 0), MATCH(Z7, 屬性克制表!$B$1:$T$1, 0)) * INDEX(屬性克制表!$B$2:$T$20, MATCH($C$1, 屬性克制表!$A$2:$A$20, 0), MATCH(AA7, 屬性克制表!$B$1:$T$1, 0))) -> 22.37625 | AO7: 無極汰那 | AP7: =AB7/(INDEX(屬性克制表!$B$2:$T$20, MATCH($E$1, 屬性克制表!$A$2:$A$20, 0), MATCH(Z7, 屬性克制表!$B$1:$T$1, 0)) * INDEX(屬性克制表!$B$2:$T$20, MATCH($E$1, 屬性克制表!$A$2:$A$20, 0), MATCH(AA7, 屬性克制表!$B$1:$T$1, 0))) -> 57.2832 | AQ7: 無極汰那 | AR7: =AB7/(INDEX(屬性克制表!$B$2:$T$20, MATCH($G$1, 屬性克制表!$A$2:$A$20, 0), MATCH(Z7, 屬性克制表!$B$1:$T$1, 0)) * INDEX(屬性克制表!$B$2:$T$20, MATCH($G$1, 屬性克制表!$A$2:$A$20, 0), MATCH(AA7, 屬性克制表!$B$1:$T$1, 0))) -> 35.802
A8: 仙子伊布 | B8: 50.3776 | C8: 鋼鎧鴉 | D8: 50.111893 | E8: 水伊布 | F8: 51.152 | G8: 巨金怪 | H8: 48.6864 | J8: 噴火龍 | K8: 火 | L8: Y | M8: 187 | N8: G | O8: 161568 | P8: =O8/$O$3 -> 0.74023575 | Y8: 急凍鳥 | Z8: 冰 | AA8: 飛行 | AB8: =AC9 -> 30.504 | AC8: =數據!P6 -> 35.802 | AD8: 閃電鳥 | AE8: 電 | AF8: Y | AG8: =AJ8 -> 203 | AH8: D | AI8: =AG8*IF(AH8="G", 450, IF(AH8="D", 350, 0)) * IF(AF8="Y", 1.2, 1)*(INDEX(屬性克制表!$B$2:$T$20, MATCH(AE8, 屬性克制表!$A$2:$A$20, 0), MATCH($L$1, 屬性克制表!$B$1:$T$1, 0)) * INDEX(屬性克制表!$B$2:$T$20, MATCH(AE8, 屬性克制表!$A$2:$A$20, 0), MATCH($M$1, 屬性克制表!$B$1:$T$1, 0))) -> 53287.5 | AJ8: =_xlfn.XLOOKUP(AD8, 數據!B$2:B$50, 數據!M$2:M$50) -> 203 | AK8: 急凍鳥 | AL8: =AB8/(INDEX(屬性克制表!$B$2:$T$20, MATCH($A$1, 屬性克制表!$A$2:$A$20, 0), MATCH(Z8, 屬性克制表!$B$1:$T$1, 0)) * INDEX(屬性克制表!$B$2:$T$20, MATCH($A$1, 屬性克制表!$A$2:$A$20, 0), MATCH(AA8, 屬性克制表!$B$1:$T$1, 0))) -> 30.504 | AM8: 急凍鳥 | AN8: =AB8/(INDEX(屬性克制表!$B$2:$T$20, MATCH($C$1, 屬性克制表!$A$2:$A$20, 0), MATCH(Z8, 屬性克制表!$B$1:$T$1, 0)) * INDEX(屬性克制表!$B$2:$T$20, MATCH($C$1, 屬性克制表!$A$2:$A$20, 0), MATCH(AA8, 屬性克制表!$B$1:$T$1, 0))) -> 78.015345 | AO8: 急凍鳥 | AP8: =AB8/(INDEX(屬性克制表!$B$2:$T$20, MATCH($E$1, 屬性克制表!$A$2:$A$20, 0), MATCH(Z8, 屬性克制表!$B$1:$T$1, 0)) * INDEX(屬性克制表!$B$2:$T$20, MATCH($E$1, 屬性克制表!$A$2:$A$20, 0), MATCH(AA8, 屬性克制表!$B$1:$T$1, 0))) -> 30.504 | AQ8: 急凍鳥 | AR8: =AB8/(INDEX(屬性克制表!$B$2:$T$20, MATCH($G$1, 屬性克制表!$A$2:$A$20, 0), MATCH(Z8, 屬性克制表!$B$1:$T$1, 0)) * INDEX(屬性克制表!$B$2:$T$20, MATCH($G$1, 屬性克制表!$A$2:$A$20, 0), MATCH(AA8, 屬性克制表!$B$1:$T$1, 0))) -> 30.504
A9: 拉帝歐斯 | B9: 44.4928 | C9: 轟擂金剛猩 | D9: 43.2432 | E9: 洛奇亞 | F9: 50.629 | G9: 閃焰王牌 | H9: 38.976 | J9: 胡地 | K9: 超能力 | L9: Y | M9: 225 | N9: D | O9: 151200 | P9: =O9/$O$3 -> 0.69273399 | Y9: 拉普拉斯 | Z9: 水 | AA9: 冰 | AB9: =AC10 -> 33.81 | AC9: =數據!P7 -> 30.504 | AD9: 雷公 | AE9: 電 | AF9: Y | AG9: =AJ9 -> 194 | AH9: D | AI9: =AG9*IF(AH9="G", 450, IF(AH9="D", 350, 0)) * IF(AF9="Y", 1.2, 1)*(INDEX(屬性克制表!$B$2:$T$20, MATCH(AE9, 屬性克制表!$A$2:$A$20, 0), MATCH($L$1, 屬性克制表!$B$1:$T$1, 0)) * INDEX(屬性克制表!$B$2:$T$20, MATCH(AE9, 屬性克制表!$A$2:$A$20, 0), MATCH($M$1, 屬性克制表!$B$1:$T$1, 0))) -> 50925 | AJ9: =_xlfn.XLOOKUP(AD9, 數據!B$2:B$50, 數據!M$2:M$50) -> 194 | AK9: 拉普拉斯 | AL9: =AB9/(INDEX(屬性克制表!$B$2:$T$20, MATCH($A$1, 屬性克制表!$A$2:$A$20, 0), MATCH(Z9, 屬性克制表!$B$1:$T$1, 0)) * INDEX(屬性克制表!$B$2:$T$20, MATCH($A$1, 屬性克制表!$A$2:$A$20, 0), MATCH(AA9, 屬性克制表!$B$1:$T$1, 0))) -> 21.13125 | AM9: 拉普拉斯 | AN9: =AB9/(INDEX(屬性克制表!$B$2:$T$20, MATCH($C$1, 屬性克制表!$A$2:$A$20, 0), MATCH(Z9, 屬性克制表!$B$1:$T$1, 0)) * INDEX(屬性克制表!$B$2:$T$20, MATCH($C$1, 屬性克制表!$A$2:$A$20, 0), MATCH(AA9, 屬性克制表!$B$1:$T$1, 0))) -> 33.81 | AO9: 拉普拉斯 | AP9: =AB9/(INDEX(屬性克制表!$B$2:$T$20, MATCH($E$1, 屬性克制表!$A$2:$A$20, 0), MATCH(Z9, 屬性克制表!$B$1:$T$1, 0)) * INDEX(屬性克制表!$B$2:$T$20, MATCH($E$1, 屬性克制表!$A$2:$A$20, 0), MATCH(AA9, 屬性克制表!$B$1:$T$1, 0))) -> 54.096 | AQ9: 拉普拉斯 | AR9: =AB9/(INDEX(屬性克制表!$B$2:$T$20, MATCH($G$1, 屬性克制表!$A$2:$A$20, 0), MATCH(Z9, 屬性克制表!$B$1:$T$1, 0)) * INDEX(屬性克制表!$B$2:$T$20, MATCH($G$1, 屬性克制表!$A$2:$A$20, 0), MATCH(AA9, 屬性克制表!$B$1:$T$1, 0))) -> 33.81
A10: 閃電鳥 | B10: 40.5888 | C10: 葉伊布 | D10: 41.44 | E10: 武道熊師(連) | F10: 45.12 | G10: 火焰鳥 | H10: 38.0768 | J10: 鋼鎧鴉 | K10: 飛行 | L10: Y | M10: 140 | N10: D | O10: 150528 | P10: =O10/$O$3 -> 0.68965517 | Y10: 拉帝亞斯 | Z10: 龍 | AA10: 超能力 | AB10: =AC11 -> 22.308 | AC10: =數據!P8 -> 33.81 | AD10: 轟擂金剛猩 | AE10: 草 | AF10: Y | AG10: =AJ10 -> 200 | AH10: D | AI10: =AG10*IF(AH10="G", 450, IF(AH10="D", 350, 0)) * IF(AF10="Y", 1.2, 1)*(INDEX(屬性克制表!$B$2:$T$20, MATCH(AE10, 屬性克制表!$A$2:$A$20, 0), MATCH($L$1, 屬性克制表!$B$1:$T$1, 0)) * INDEX(屬性克制表!$B$2:$T$20, MATCH(AE10, 屬性克制表!$A$2:$A$20, 0), MATCH($M$1, 屬性克制表!$B$1:$T$1, 0))) -> 52500 | AJ10: =_xlfn.XLOOKUP(AD10, 數據!B$2:B$50, 數據!M$2:M$50) -> 200 | AK10: 拉帝亞斯 | AL10: =AB10/(INDEX(屬性克制表!$B$2:$T$20, MATCH($A$1, 屬性克制表!$A$2:$A$20, 0), MATCH(Z10, 屬性克制表!$B$1:$T$1, 0)) * INDEX(屬性克制表!$B$2:$T$20, MATCH($A$1, 屬性克制表!$A$2:$A$20, 0), MATCH(AA10, 屬性克制表!$B$1:$T$1, 0))) -> 35.6928 | AM10: 拉帝亞斯 | AN10: =AB10/(INDEX(屬性克制表!$B$2:$T$20, MATCH($C$1, 屬性克制表!$A$2:$A$20, 0), MATCH(Z10, 屬性克制表!$B$1:$T$1, 0)) * INDEX(屬性克制表!$B$2:$T$20, MATCH($C$1, 屬性克制表!$A$2:$A$20, 0), MATCH(AA10, 屬性克制表!$B$1:$T$1, 0))) -> 22.308 | AO10: 拉帝亞斯 | AP10: =AB10/(INDEX(屬性克制表!$B$2:$T$20, MATCH($E$1, 屬性克制表!$A$2:$A$20, 0), MATCH(Z10, 屬性克制表!$B$1:$T$1, 0)) * INDEX(屬性克制表!$B$2:$T$20, MATCH($E$1, 屬性克制表!$A$2:$A$20, 0), MATCH(AA10, 屬性克制表!$B$1:$T$1, 0))) -> 35.6928 | AQ10: 拉帝亞斯 | AR10: =AB10/(INDEX(屬性克制表!$B$2:$T$20, MATCH($G$1, 屬性克制表!$A$2:$A$20, 0), MATCH(Z10, 屬性克制表!$B$1:$T$1, 0)) * INDEX(屬性克制表!$B$2:$T$20, MATCH($G$1, 屬性克制表!$A$2:$A$20, 0), MATCH(AA10, 屬性克制表!$B$1:$T$1, 0))) -> 13.9425
A11: 巴大蝶 | B11: 40.51712 | C11: 閃電鳥 | D11: 40.549872 | E11: 水箭龜 | F11: 44.52 | G11: 妙蛙花 | H11: 37.9392 | J11: 拉帝歐斯 | K11: 超能力 | L11: Y | M11: 221 | N11: D | O11: 148512 | P11: =O11/$O$3 -> 0.68041872 | Y11: 蒼響 | Z11: 鋼 | AA11: 妖精 | AB11: =AC12 -> 36.849 | AC11: =數據!P9 -> 22.308 | AD11: 怪力 | AE11: 格鬥 | AF11: Y | AG11: =AJ11 -> 201 | AH11: D | AI11: =AG11*IF(AH11="G", 450, IF(AH11="D", 350, 0)) * IF(AF11="Y", 1.2, 1)*(INDEX(屬性克制表!$B$2:$T$20, MATCH(AE11, 屬性克制表!$A$2:$A$20, 0), MATCH($L$1, 屬性克制表!$B$1:$T$1, 0)) * INDEX(屬性克制表!$B$2:$T$20, MATCH(AE11, 屬性克制表!$A$2:$A$20, 0), MATCH($M$1, 屬性克制表!$B$1:$T$1, 0))) -> 84420 | AJ11: =_xlfn.XLOOKUP(AD11, 數據!B$2:B$50, 數據!M$2:M$50) -> 201 | AK11: 蒼響 | AL11: =AB11/(INDEX(屬性克制表!$B$2:$T$20, MATCH($A$1, 屬性克制表!$A$2:$A$20, 0), MATCH(Z11, 屬性克制表!$B$1:$T$1, 0)) * INDEX(屬性克制表!$B$2:$T$20, MATCH($A$1, 屬性克制表!$A$2:$A$20, 0), MATCH(AA11, 屬性克制表!$B$1:$T$1, 0))) -> 36.849 | AM11: 蒼響 | AN11: =AB11/(INDEX(屬性克制表!$B$2:$T$20, MATCH($C$1, 屬性克制表!$A$2:$A$20, 0), MATCH(Z11, 屬性克制表!$B$1:$T$1, 0)) * INDEX(屬性克制表!$B$2:$T$20, MATCH($C$1, 屬性克制表!$A$2:$A$20, 0), MATCH(AA11, 屬性克制表!$B$1:$T$1, 0))) -> 23.030625 | AO11: 蒼響 | AP11: =AB11/(INDEX(屬性克制表!$B$2:$T$20, MATCH($E$1, 屬性克制表!$A$2:$A$20, 0), MATCH(Z11, 屬性克制表!$B$1:$T$1, 0)) * INDEX(屬性克制表!$B$2:$T$20, MATCH($E$1, 屬性克制表!$A$2:$A$20, 0), MATCH(AA11, 屬性克制表!$B$1:$T$1, 0))) -> 36.849 | AQ11: 蒼響 | AR11: =AB11/(INDEX(屬性克制表!$B$2:$T$20, MATCH($G$1, 屬性克制表!$A$2:$A$20, 0), MATCH(Z11, 屬性克制表!$B$1:$T$1, 0)) * INDEX(屬性克制表!$B$2:$T$20, MATCH($G$1, 屬性克制表!$A$2:$A$20, 0), MATCH(AA11, 屬性克制表!$B$1:$T$1, 0))) -> 58.9584
A12: 心蝙蝠 | B12: 38.80448 | C12: 甜冷美后 | D12: 39.84 | E12: 拉帝歐斯 | F12: 44.4928 | G12: 龍頭地鼠 | H12: 37.904 | J12: 狒狒達摩 | K12: 火 | L12: Y | M12: 218 | N12: D | O12: 146496 | P12: =O12/$O$3 -> 0.67118227 | Y12: 巨金怪 | Z12: 鋼 | AA12: 超能力 | AB12: =AC13 -> 30.429 | AC12: =數據!P10 -> 36.849 | AD12: 戰弦蠑螈 | AE12: 電 | AF12: Y | AG12: =AJ12 -> 188 | AH12: D | AI12: =AG12*IF(AH12="G", 450, IF(AH12="D", 350, 0)) * IF(AF12="Y", 1.2, 1)*(INDEX(屬性克制表!$B$2:$T$20, MATCH(AE12, 屬性克制表!$A$2:$A$20, 0), MATCH($L$1, 屬性克制表!$B$1:$T$1, 0)) * INDEX(屬性克制表!$B$2:$T$20, MATCH(AE12, 屬性克制表!$A$2:$A$20, 0), MATCH($M$1, 屬性克制表!$B$1:$T$1, 0))) -> 49350 | AJ12: =_xlfn.XLOOKUP(AD12, 數據!B$2:B$50, 數據!M$2:M$50) -> 188 | AK12: 巨金怪 | AL12: =AB12/(INDEX(屬性克制表!$B$2:$T$20, MATCH($A$1, 屬性克制表!$A$2:$A$20, 0), MATCH(Z12, 屬性克制表!$B$1:$T$1, 0)) * INDEX(屬性克制表!$B$2:$T$20, MATCH($A$1, 屬性克制表!$A$2:$A$20, 0), MATCH(AA12, 屬性克制表!$B$1:$T$1, 0))) -> 30.429 | AM12: 巨金怪 | AN12: =AB12/(INDEX(屬性克制表!$B$2:$T$20, MATCH($C$1, 屬性克制表!$A$2:$A$20, 0), MATCH(Z12, 屬性克制表!$B$1:$T$1, 0)) * INDEX(屬性克制表!$B$2:$T$20, MATCH($C$1, 屬性克制表!$A$2:$A$20, 0), MATCH(AA12, 屬性克制表!$B$1:$T$1, 0))) -> 19.018125 | AO12: 巨金怪 | AP12: =AB12/(INDEX(屬性克制表!$B$2:$T$20, MATCH($E$1, 屬性克制表!$A$2:$A$20, 0), MATCH(Z12, 屬性克制表!$B$1:$T$1, 0)) * INDEX(屬性克制表!$B$2:$T$20, MATCH($E$1, 屬性克制表!$A$2:$A$20, 0), MATCH(AA12, 屬性克制表!$B$1:$T$1, 0))) -> 30.429 | AQ12: 巨金怪 | AR12: =AB12/(INDEX(屬性克制表!$B$2:$T$20, MATCH($G$1, 屬性克制表!$A$2:$A$20, 0), MATCH(Z12, 屬性克制表!$B$1:$T$1, 0)) * INDEX(屬性克制表!$B$2:$T$20, MATCH($G$1, 屬性克制表!$A$2:$A$20, 0), MATCH(AA12, 屬性克制表!$B$1:$T$1, 0))) -> 48.6864
A13: 幸福蛋 | B13: 38.55375 | C13: 心蝙蝠 | D13: 38.767263 | E13: 轟擂金剛猩 | F13: 43.2432 | G13: 炎帝 | H13: 37.6832 | J13: 太陽伊布 | K13: 超能力 | L13: Y | M13: 218 | N13: D | O13: 146496 | P13: =O13/$O$3 -> 0.67118227 | Y13: 炎帝 | Z13: 火 | AA13: 無 | AB13: =AC14 -> 23.552 | AC13: =數據!P12 -> 30.429 | AD13: 投擲猴 | AE13: 格鬥 | AF13: Y | AG13: =AJ13 -> 181 | AH13: D | AI13: =AG13*IF(AH13="G", 450, IF(AH13="D", 350, 0)) * IF(AF13="Y", 1.2, 1)*(INDEX(屬性克制表!$B$2:$T$20, MATCH(AE13, 屬性克制表!$A$2:$A$20, 0), MATCH($L$1, 屬性克制表!$B$1:$T$1, 0)) * INDEX(屬性克制表!$B$2:$T$20, MATCH(AE13, 屬性克制表!$A$2:$A$20, 0), MATCH($M$1, 屬性克制表!$B$1:$T$1, 0))) -> 76020 | AJ13: =_xlfn.XLOOKUP(AD13, 數據!B$2:B$50, 數據!M$2:M$50) -> 181 | AK13: 炎帝 | AL13: =AB13/(INDEX(屬性克制表!$B$2:$T$20, MATCH($A$1, 屬性克制表!$A$2:$A$20, 0), MATCH(Z13, 屬性克制表!$B$1:$T$1, 0)) * INDEX(屬性克制表!$B$2:$T$20, MATCH($A$1, 屬性克制表!$A$2:$A$20, 0), MATCH(AA13, 屬性克制表!$B$1:$T$1, 0))) -> 23.552 | AM13: 炎帝 | AN13: =AB13/(INDEX(屬性克制表!$B$2:$T$20, MATCH($C$1, 屬性克制表!$A$2:$A$20, 0), MATCH(Z13, 屬性克制表!$B$1:$T$1, 0)) * INDEX(屬性克制表!$B$2:$T$20, MATCH($C$1, 屬性克制表!$A$2:$A$20, 0), MATCH(AA13, 屬性克制表!$B$1:$T$1, 0))) -> 14.72 | AO13: 炎帝 | AP13: =AB13/(INDEX(屬性克制表!$B$2:$T$20, MATCH($E$1, 屬性克制表!$A$2:$A$20, 0), MATCH(Z13, 屬性克制表!$B$1:$T$1, 0)) * INDEX(屬性克制表!$B$2:$T$20, MATCH($E$1, 屬性克制表!$A$2:$A$20, 0), MATCH(AA13, 屬性克制表!$B$1:$T$1, 0))) -> 14.72 | AQ13: 炎帝 | AR13: =AB13/(INDEX(屬性克制表!$B$2:$T$20, MATCH($G$1, 屬性克制表!$A$2:$A$20, 0), MATCH(Z13, 屬性克制表!$B$1:$T$1, 0)) * INDEX(屬性克制表!$B$2:$T$20, MATCH($G$1, 屬性克制表!$A$2:$A$20, 0), MATCH(AA13, 屬性克制表!$B$1:$T$1, 0))) -> 37.6832
A14: 艾路雷朵 | B14: 38.512 | C14: 火焰鳥 | D14: 38.040281 | E14: 藏瑪然特 | F14: 43.07 | G14: 灰塵山 | H14: 36.288 | J14: 巨金怪 | K14: 超能力 | L14: Y | M14: 214 | N14: D | O14: 143808 | P14: =O14/$O$3 -> 0.658867 | Y14: 鋼鎧鴉 | Z14: 鋼 | AA14: 飛行 | AB14: =AC15 -> 31.35 | AC14: =數據!P13 -> 23.552 | AD14: 耿鬼 | AE14: 幽靈 | AF14: Y | AG14: =AJ14 -> 223 | AH14: G | AI14: =AG14*IF(AH14="G", 450, IF(AH14="D", 350, 0)) * IF(AF14="Y", 1.2, 1)*(INDEX(屬性克制表!$B$2:$T$20, MATCH(AE14, 屬性克制表!$A$2:$A$20, 0), MATCH($L$1, 屬性克制表!$B$1:$T$1, 0)) * INDEX(屬性克制表!$B$2:$T$20, MATCH(AE14, 屬性克制表!$A$2:$A$20, 0), MATCH($M$1, 屬性克制表!$B$1:$T$1, 0))) -> 120420 | AJ14: =_xlfn.XLOOKUP(AD14, 數據!B$2:B$50, 數據!M$2:M$50) -> 223 | AK14: 鋼鎧鴉 | AL14: =AB14/(INDEX(屬性克制表!$B$2:$T$20, MATCH($A$1, 屬性克制表!$A$2:$A$20, 0), MATCH(Z14, 屬性克制表!$B$1:$T$1, 0)) * INDEX(屬性克制表!$B$2:$T$20, MATCH($A$1, 屬性克制表!$A$2:$A$20, 0), MATCH(AA14, 屬性克制表!$B$1:$T$1, 0))) -> 31.35 | AM14: 鋼鎧鴉 | AN14: =AB14/(INDEX(屬性克制表!$B$2:$T$20, MATCH($C$1, 屬性克制表!$A$2:$A$20, 0), MATCH(Z14, 屬性克制表!$B$1:$T$1, 0)) * INDEX(屬性克制表!$B$2:$T$20, MATCH($C$1, 屬性克制表!$A$2:$A$20, 0), MATCH(AA14, 屬性克制表!$B$1:$T$1, 0))) -> 50.111893 | AO14: 鋼鎧鴉 | AP14: =AB14/(INDEX(屬性克制表!$B$2:$T$20, MATCH($E$1, 屬性克制表!$A$2:$A$20, 0), MATCH(Z14, 屬性克制表!$B$1:$T$1, 0)) * INDEX(屬性克制表!$B$2:$T$20, MATCH($E$1, 屬性克制表!$A$2:$A$20, 0), MATCH(AA14, 屬性克制表!$B$1:$T$1, 0))) -> 31.35 | AQ14: 鋼鎧鴉 | AR14: =AB14/(INDEX(屬性克制表!$B$2:$T$20, MATCH($G$1, 屬性克制表!$A$2:$A$20, 0), MATCH(Z14, 屬性克制表!$B$1:$T$1, 0)) * INDEX(屬性克制表!$B$2:$T$20, MATCH($G$1, 屬性克制表!$A$2:$A$20, 0), MATCH(AA14, 屬性克制表!$B$1:$T$1, 0))) -> 50.16
A15: 火焰鳥 | B15: 38.0768 | C15: 月亮伊布 | D15: 36.764 | E15: 葉伊布 | F15: 41.44 | G15: 噴火龍 | H15: 36.192 | J15: 火伊布 | K15: 火 | L15: Y | M15: 206 | N15: D | O15: 138432 | P15: =O15/$O$3 -> 0.63423645 | Y15: 幾何雪花 | Z15: 冰 | AA15: 無 | AB15: =AC16 -> 26.296 | AC15: =數據!P14 -> 31.35 | AD15: 蒼響 | AE15: 鋼 | AF15: Y | AG15: =AJ15 -> 291 | AH15: D | AI15: =AG15*IF(AH15="G", 450, IF(AH15="D", 350, 0)) * IF(AF15="Y", 1.2, 1)*(INDEX(屬性克制表!$B$2:$T$20, MATCH(AE15, 屬性克制表!$A$2:$A$20, 0), MATCH($L$1, 屬性克制表!$B$1:$T$1, 0)) * INDEX(屬性克制表!$B$2:$T$20, MATCH(AE15, 屬性克制表!$A$2:$A$20, 0), MATCH($M$1, 屬性克制表!$B$1:$T$1, 0))) -> 122220 | AJ15: =_xlfn.XLOOKUP(AD15, 數據!B$2:B$50, 數據!M$2:M$50) -> 291 | AK15: 幾何雪花 | AL15: =AB15/(INDEX(屬性克制表!$B$2:$T$20, MATCH($A$1, 屬性克制表!$A$2:$A$20, 0), MATCH(Z15, 屬性克制表!$B$1:$T$1, 0)) * INDEX(屬性克制表!$B$2:$T$20, MATCH($A$1, 屬性克制表!$A$2:$A$20, 0), MATCH(AA15, 屬性克制表!$B$1:$T$1, 0))) -> 16.435 | AM15: 幾何雪花 | AN15: =AB15/(INDEX(屬性克制表!$B$2:$T$20, MATCH($C$1, 屬性克制表!$A$2:$A$20, 0), MATCH(Z15, 屬性克制表!$B$1:$T$1, 0)) * INDEX(屬性克制表!$B$2:$T$20, MATCH($C$1, 屬性克制表!$A$2:$A$20, 0), MATCH(AA15, 屬性克制表!$B$1:$T$1, 0))) -> 26.296 | AO15: 幾何雪花 | AP15: =AB15/(INDEX(屬性克制表!$B$2:$T$20, MATCH($E$1, 屬性克制表!$A$2:$A$20, 0), MATCH(Z15, 屬性克制表!$B$1:$T$1, 0)) * INDEX(屬性克制表!$B$2:$T$20, MATCH($E$1, 屬性克制表!$A$2:$A$20, 0), MATCH(AA15, 屬性克制表!$B$1:$T$1, 0))) -> 26.296 | AQ15: 幾何雪花 | AR15: =AB15/(INDEX(屬性克制表!$B$2:$T$20, MATCH($G$1, 屬性克制表!$A$2:$A$20, 0), MATCH(Z15, 屬性克制表!$B$1:$T$1, 0)) * INDEX(屬性克制表!$B$2:$T$20, MATCH($G$1, 屬性克制表!$A$2:$A$20, 0), MATCH(AA15, 屬性克制表!$B$1:$T$1, 0))) -> 26.296
A16: 妙蛙花 | B16: 37.9392 | C16: 噴火龍 | D16: 36.157289 | E16: 甜冷美后 | F16: 39.84 | G16: 超極巨灰塵山 | H16: 35.84 | J16: 閃焰王牌 | K16: 火 | L16: Y | M16: 205 | N16: D | O16: 137760 | P16: =O16/$O$3 -> 0.63115764 | Y16: 藏飽栗鼠 | Z16: 一般 | AA16: 無 | AB16: =AC17 -> 29.295 | AC16: =數據!P15 -> 26.296 | AD16: 多刺菊石獸 | AE16: 岩石 | AF16: Y | AG16: =AJ16 -> 177 | AH16: D | AI16: =AG16*IF(AH16="G", 450, IF(AH16="D", 350, 0)) * IF(AF16="Y", 1.2, 1)*(INDEX(屬性克制表!$B$2:$T$20, MATCH(AE16, 屬性克制表!$A$2:$A$20, 0), MATCH($L$1, 屬性克制表!$B$1:$T$1, 0)) * INDEX(屬性克制表!$B$2:$T$20, MATCH(AE16, 屬性克制表!$A$2:$A$20, 0), MATCH($M$1, 屬性克制表!$B$1:$T$1, 0))) -> 46462.5 | AJ16: =_xlfn.XLOOKUP(AD16, 數據!B$2:B$50, 數據!M$2:M$50) -> 177 | AK16: 藏飽栗鼠 | AL16: =AB16/(INDEX(屬性克制表!$B$2:$T$20, MATCH($A$1, 屬性克制表!$A$2:$A$20, 0), MATCH(Z16, 屬性克制表!$B$1:$T$1, 0)) * INDEX(屬性克制表!$B$2:$T$20, MATCH($A$1, 屬性克制表!$A$2:$A$20, 0), MATCH(AA16, 屬性克制表!$B$1:$T$1, 0))) -> 18.309375 | AM16: 藏飽栗鼠 | AN16: =AB16/(INDEX(屬性克制表!$B$2:$T$20, MATCH($C$1, 屬性克制表!$A$2:$A$20, 0), MATCH(Z16, 屬性克制表!$B$1:$T$1, 0)) * INDEX(屬性克制表!$B$2:$T$20, MATCH($C$1, 屬性克制表!$A$2:$A$20, 0), MATCH(AA16, 屬性克制表!$B$1:$T$1, 0))) -> 29.295 | AO16: 藏飽栗鼠 | AP16: =AB16/(INDEX(屬性克制表!$B$2:$T$20, MATCH($E$1, 屬性克制表!$A$2:$A$20, 0), MATCH(Z16, 屬性克制表!$B$1:$T$1, 0)) * INDEX(屬性克制表!$B$2:$T$20, MATCH($E$1, 屬性克制表!$A$2:$A$20, 0), MATCH(AA16, 屬性克制表!$B$1:$T$1, 0))) -> 29.295 | AQ16: 藏飽栗鼠 | AR16: =AB16/(INDEX(屬性克制表!$B$2:$T$20, MATCH($G$1, 屬性克制表!$A$2:$A$20, 0), MATCH(Z16, 屬性克制表!$B$1:$T$1, 0)) * INDEX(屬性克制表!$B$2:$T$20, MATCH($G$1, 屬性克制表!$A$2:$A$20, 0), MATCH(AA16, 屬性克制表!$B$1:$T$1, 0))) -> 29.295
A17: 蒼響 | B17: 36.849 | C17: 水君 | D17: 34.58 | E17: 妙蛙花 | F17: 37.9392 | G17: 無極汰那 | H17: 35.802 | J17: 烏賊王 | K17: 飛行 | L17: N | M17: 151 | N17: D | O17: 135296 | P17: =O17/$O$3 -> 0.61986864 | Y17: 雷公 | Z17: 電 | AA17: 無 | AB17: =AC18 -> 27.37 | AC17: =數據!P16 -> 29.295 | AD17: 妙蛙花 | AE17: 草 | AF17: Y | AG17: =AJ17 -> 159 | AH17: D | AI17: =AG17*IF(AH17="G", 450, IF(AH17="D", 350, 0)) * IF(AF17="Y", 1.2, 1)*(INDEX(屬性克制表!$B$2:$T$20, MATCH(AE17, 屬性克制表!$A$2:$A$20, 0), MATCH($L$1, 屬性克制表!$B$1:$T$1, 0)) * INDEX(屬性克制表!$B$2:$T$20, MATCH(AE17, 屬性克制表!$A$2:$A$20, 0), MATCH($M$1, 屬性克制表!$B$1:$T$1, 0))) -> 41737.5 | AJ17: =_xlfn.XLOOKUP(AD17, 數據!B$2:B$50, 數據!M$2:M$50) -> 159 | AK17: 雷公 | AL17: =AB17/(INDEX(屬性克制表!$B$2:$T$20, MATCH($A$1, 屬性克制表!$A$2:$A$20, 0), MATCH(Z17, 屬性克制表!$B$1:$T$1, 0)) * INDEX(屬性克制表!$B$2:$T$20, MATCH($A$1, 屬性克制表!$A$2:$A$20, 0), MATCH(AA17, 屬性克制表!$B$1:$T$1, 0))) -> 27.37 | AM17: 雷公 | AN17: =AB17/(INDEX(屬性克制表!$B$2:$T$20, MATCH($C$1, 屬性克制表!$A$2:$A$20, 0), MATCH(Z17, 屬性克制表!$B$1:$T$1, 0)) * INDEX(屬性克制表!$B$2:$T$20, MATCH($C$1, 屬性克制表!$A$2:$A$20, 0), MATCH(AA17, 屬性克制表!$B$1:$T$1, 0))) -> 17.10625 | AO17: 雷公 | AP17: =AB17/(INDEX(屬性克制表!$B$2:$T$20, MATCH($E$1, 屬性克制表!$A$2:$A$20, 0), MATCH(Z17, 屬性克制表!$B$1:$T$1, 0)) * INDEX(屬性克制表!$B$2:$T$20, MATCH($E$1, 屬性克制表!$A$2:$A$20, 0), MATCH(AA17, 屬性克制表!$B$1:$T$1, 0))) -> 27.37 | AQ17: 雷公 | AR17: =AB17/(INDEX(屬性克制表!$B$2:$T$20, MATCH($G$1, 屬性克制表!$A$2:$A$20, 0), MATCH(Z17, 屬性克制表!$B$1:$T$1, 0)) * INDEX(屬性克制表!$B$2:$T$20, MATCH($G$1, 屬性克制表!$A$2:$A$20, 0), MATCH(AA17, 屬性克制表!$B$1:$T$1, 0))) -> 27.37
A18: 灰塵山 | B18: 36.288 | C18: 拉普拉斯 | D18: 33.81 | E18: 鋁鋼龍 | F18: 37.1616 | G18: 水君 | H18: 34.58 | J18: 火焰鳥 | K18: 火 | L18: Y | M18: 200 | N18: D | O18: 134400 | P18: =O18/$O$3 -> 0.61576355 | Y18: 拉帝歐斯 | Z18: 龍 | AA18: 超能力 | AB18: =AC19 -> 27.808 | AC18: =數據!P17 -> 27.37 | AD18: 列陣兵 | AE18: 格鬥 | AF18: Y | AG18: =AJ18 -> 160 | AH18: D | AI18: =AG18*IF(AH18="G", 450, IF(AH18="D", 350, 0)) * IF(AF18="Y", 1.2, 1)*(INDEX(屬性克制表!$B$2:$T$20, MATCH(AE18, 屬性克制表!$A$2:$A$20, 0), MATCH($L$1, 屬性克制表!$B$1:$T$1, 0)) * INDEX(屬性克制表!$B$2:$T$20, MATCH(AE18, 屬性克制表!$A$2:$A$20, 0), MATCH($M$1, 屬性克制表!$B$1:$T$1, 0))) -> 67200 | AJ18: =_xlfn.XLOOKUP(AD18, 數據!B$2:B$50, 數據!M$2:M$50) -> 160 | AK18: 拉帝歐斯 | AL18: =AB18/(INDEX(屬性克制表!$B$2:$T$20, MATCH($A$1, 屬性克制表!$A$2:$A$20, 0), MATCH(Z18, 屬性克制表!$B$1:$T$1, 0)) * INDEX(屬性克制表!$B$2:$T$20, MATCH($A$1, 屬性克制表!$A$2:$A$20, 0), MATCH(AA18, 屬性克制表!$B$1:$T$1, 0))) -> 44.4928 | AM18: 拉帝歐斯 | AN18: =AB18/(INDEX(屬性克制表!$B$2:$T$20, MATCH($C$1, 屬性克制表!$A$2:$A$20, 0), MATCH(Z18, 屬性克制表!$B$1:$T$1, 0)) * INDEX(屬性克制表!$B$2:$T$20, MATCH($C$1, 屬性克制表!$A$2:$A$20, 0), MATCH(AA18, 屬性克制表!$B$1:$T$1, 0))) -> 27.808 | AO18: 拉帝歐斯 | AP18: =AB18/(INDEX(屬性克制表!$B$2:$T$20, MATCH($E$1, 屬性克制表!$A$2:$A$20, 0), MATCH(Z18, 屬性克制表!$B$1:$T$1, 0)) * INDEX(屬性克制表!$B$2:$T$20, MATCH($E$1, 屬性克制表!$A$2:$A$20, 0), MATCH(AA18, 屬性克制表!$B$1:$T$1, 0))) -> 44.4928 | AQ18: 拉帝歐斯 | AR18: =AB18/(INDEX(屬性克制表!$B$2:$T$20, MATCH($G$1, 屬性克制表!$A$2:$A$20, 0), MATCH(Z18, 屬性克制表!$B$1:$T$1, 0)) * INDEX(屬性克制表!$B$2:$T$20, MATCH($G$1, 屬性克制表!$A$2:$A$20, 0), MATCH(AA18, 屬性克制表!$B$1:$T$1, 0))) -> 17.38
A19: 噴火龍 | B19: 36.192 | C19: 卡比獸 | D19: 33.768 | E19: 蒼響 | F19: 36.849 | G19: 火伊布 | H19: 34.272 | J19: 冰伊布 | K19: 冰 | L19: Y | M19: 200 | N19: D | O19: 134400 | P19: =O19/$O$3 -> 0.61576355 | Y19: 武道熊師(連) | Z19: 格鬥 | AA19: 水 | AB19: =AC20 -> 28.2 | AC19: =數據!P11 -> 27.808 | AD19: 閃焰王牌 | AE19: 火 | AF19: Y | AG19: =AJ19 -> 205 | AH19: G | AI19: =AG19*IF(AH19="G", 450, IF(AH19="D", 350, 0)) * IF(AF19="Y", 1.2, 1)*(INDEX(屬性克制表!$B$2:$T$20, MATCH(AE19, 屬性克制表!$A$2:$A$20, 0), MATCH($L$1, 屬性克制表!$B$1:$T$1, 0)) * INDEX(屬性克制表!$B$2:$T$20, MATCH(AE19, 屬性克制表!$A$2:$A$20, 0), MATCH($M$1, 屬性克制表!$B$1:$T$1, 0))) -> 177120 | AJ19: =_xlfn.XLOOKUP(AD19, 數據!B$2:B$50, 數據!M$2:M$50) -> 205 | AK19: 武道熊師(連) | AL19: =AB19/(INDEX(屬性克制表!$B$2:$T$20, MATCH($A$1, 屬性克制表!$A$2:$A$20, 0), MATCH(Z19, 屬性克制表!$B$1:$T$1, 0)) * INDEX(屬性克制表!$B$2:$T$20, MATCH($A$1, 屬性克制表!$A$2:$A$20, 0), MATCH(AA19, 屬性克制表!$B$1:$T$1, 0))) -> 28.2 | AM19: 武道熊師(連) | AN19: =AB19/(INDEX(屬性克制表!$B$2:$T$20, MATCH($C$1, 屬性克制表!$A$2:$A$20, 0), MATCH(Z19, 屬性克制表!$B$1:$T$1, 0)) * INDEX(屬性克制表!$B$2:$T$20, MATCH($C$1, 屬性克制表!$A$2:$A$20, 0), MATCH(AA19, 屬性克制表!$B$1:$T$1, 0))) -> 28.2 | AO19: 武道熊師(連) | AP19: =AB19/(INDEX(屬性克制表!$B$2:$T$20, MATCH($E$1, 屬性克制表!$A$2:$A$20, 0), MATCH(Z19, 屬性克制表!$B$1:$T$1, 0)) * INDEX(屬性克制表!$B$2:$T$20, MATCH($E$1, 屬性克制表!$A$2:$A$20, 0), MATCH(AA19, 屬性克制表!$B$1:$T$1, 0))) -> 45.12 | AQ19: 武道熊師(連) | AR19: =AB19/(INDEX(屬性克制表!$B$2:$T$20, MATCH($G$1, 屬性克制表!$A$2:$A$20, 0), MATCH(Z19, 屬性克制表!$B$1:$T$1, 0)) * INDEX(屬性克制表!$B$2:$T$20, MATCH($G$1, 屬性克制表!$A$2:$A$20, 0), MATCH(AA19, 屬性克制表!$B$1:$T$1, 0))) -> 28.2
A20: 超極巨灰塵山 | B20: 35.84 | C20: 壺壺 | D20: 33.66 | E20: 月亮伊布 | F20: 36.764 | G20: 拉普拉斯 | H20: 33.81 | J20: 超極巨灰塵山 | K20: 毒 | L20: Y | M20: 155 | N20: G | O20: 133920 | P20: =O20/$O$3 -> 0.61356439 | Y20: 武道熊師(一) | Z20: 格鬥 | AA20: 惡 | AB20: =數據!P19 -> 28.2 | AC20: =數據!P18 -> 28.2 | AD20: 鐮刀盔 | AE20: 格鬥 | AF20: N | AG20: =AJ20 -> 185 | AH20: D | AI20: =AG20*IF(AH20="G", 450, IF(AH20="D", 350, 0)) * IF(AF20="Y", 1.2, 1)*(INDEX(屬性克制表!$B$2:$T$20, MATCH(AE20, 屬性克制表!$A$2:$A$20, 0), MATCH($L$1, 屬性克制表!$B$1:$T$1, 0)) * INDEX(屬性克制表!$B$2:$T$20, MATCH(AE20, 屬性克制表!$A$2:$A$20, 0), MATCH($M$1, 屬性克制表!$B$1:$T$1, 0))) -> 64750 | AJ20: =_xlfn.XLOOKUP(AD20, 數據!B$2:B$50, 數據!M$2:M$50) -> 185 | AK20: 武道熊師(一) | AL20: =AB20/(INDEX(屬性克制表!$B$2:$T$20, MATCH($A$1, 屬性克制表!$A$2:$A$20, 0), MATCH(Z20, 屬性克制表!$B$1:$T$1, 0)) * INDEX(屬性克制表!$B$2:$T$20, MATCH($A$1, 屬性克制表!$A$2:$A$20, 0), MATCH(AA20, 屬性克制表!$B$1:$T$1, 0))) -> 17.625 | AM20: 武道熊師(一) | AN20: =AB20/(INDEX(屬性克制表!$B$2:$T$20, MATCH($C$1, 屬性克制表!$A$2:$A$20, 0), MATCH(Z20, 屬性克制表!$B$1:$T$1, 0)) * INDEX(屬性克制表!$B$2:$T$20, MATCH($C$1, 屬性克制表!$A$2:$A$20, 0), MATCH(AA20, 屬性克制表!$B$1:$T$1, 0))) -> 28.2 | AO20: 武道熊師(一) | AP20: =AB20/(INDEX(屬性克制表!$B$2:$T$20, MATCH($E$1, 屬性克制表!$A$2:$A$20, 0), MATCH(Z20, 屬性克制表!$B$1:$T$1, 0)) * INDEX(屬性克制表!$B$2:$T$20, MATCH($E$1, 屬性克制表!$A$2:$A$20, 0), MATCH(AA20, 屬性克制表!$B$1:$T$1, 0))) -> 28.2 | AQ20: 武道熊師(一) | AR20: =AB20/(INDEX(屬性克制表!$B$2:$T$20, MATCH($G$1, 屬性克制表!$A$2:$A$20, 0), MATCH(Z20, 屬性克制表!$B$1:$T$1, 0)) * INDEX(屬性克制表!$B$2:$T$20, MATCH($G$1, 屬性克制表!$A$2:$A$20, 0), MATCH(AA20, 屬性克制表!$B$1:$T$1, 0))) -> 17.625
A21: 拉帝亞斯 | B21: 35.6928 | C21: 水伊布 | D21: 31.97 | E21: 吼鯨王 | F21: 36.608 | G21: 卡比獸 | H21: 33.768 | J21: 沙奈朵 | K21: 超能力 | L21: Y | M21: 199 | N21: D | O21: 133728 | P21: =O21/$O$3 -> 0.61268473 | Y21: 水箭龜 | Z21: 水 | AA21: 無 | AB21: =數據!P20 -> 27.825 | AC21: =數據!P19 -> 28.2 | AD21: 噴火龍 | AE21: 火 | AF21: Y | AG21: =AJ21 -> 187 | AH21: G | AI21: =AG21*IF(AH21="G", 450, IF(AH21="D", 350, 0)) * IF(AF21="Y", 1.2, 1)*(INDEX(屬性克制表!$B$2:$T$20, MATCH(AE21, 屬性克制表!$A$2:$A$20, 0), MATCH($L$1, 屬性克制表!$B$1:$T$1, 0)) * INDEX(屬性克制表!$B$2:$T$20, MATCH(AE21, 屬性克制表!$A$2:$A$20, 0), MATCH($M$1, 屬性克制表!$B$1:$T$1, 0))) -> 161568 | AJ21: =_xlfn.XLOOKUP(AD21, 數據!B$2:B$50, 數據!M$2:M$50) -> 187 | AK21: 水箭龜 | AL21: =AB21/(INDEX(屬性克制表!$B$2:$T$20, MATCH($A$1, 屬性克制表!$A$2:$A$20, 0), MATCH(Z21, 屬性克制表!$B$1:$T$1, 0)) * INDEX(屬性克制表!$B$2:$T$20, MATCH($A$1, 屬性克制表!$A$2:$A$20, 0), MATCH(AA21, 屬性克制表!$B$1:$T$1, 0))) -> 27.825 | AM21: 水箭龜 | AN21: =AB21/(INDEX(屬性克制表!$B$2:$T$20, MATCH($C$1, 屬性克制表!$A$2:$A$20, 0), MATCH(Z21, 屬性克制表!$B$1:$T$1, 0)) * INDEX(屬性克制表!$B$2:$T$20, MATCH($C$1, 屬性克制表!$A$2:$A$20, 0), MATCH(AA21, 屬性克制表!$B$1:$T$1, 0))) -> 27.825 | AO21: 水箭龜 | AP21: =AB21/(INDEX(屬性克制表!$B$2:$T$20, MATCH($E$1, 屬性克制表!$A$2:$A$20, 0), MATCH(Z21, 屬性克制表!$B$1:$T$1, 0)) * INDEX(屬性克制表!$B$2:$T$20, MATCH($E$1, 屬性克制表!$A$2:$A$20, 0), MATCH(AA21, 屬性克制表!$B$1:$T$1, 0))) -> 44.52 | AQ21: 水箭龜 | AR21: =AB21/(INDEX(屬性克制表!$B$2:$T$20, MATCH($G$1, 屬性克制表!$A$2:$A$20, 0), MATCH(Z21, 屬性克制表!$B$1:$T$1, 0)) * INDEX(屬性克制表!$B$2:$T$20, MATCH($G$1, 屬性克制表!$A$2:$A$20, 0), MATCH(AA21, 屬性克制表!$B$1:$T$1, 0))) -> 27.825
A22: 水君 | B22: 34.58 | C22: 仙子伊布 | D22: 31.486 | E22: 拉帝亞斯 | F22: 35.6928 | G22: 壺壺 | H22: 33.66 | J22: 艾路雷朵 | K22: 超能力 | L22: Y | M22: 199 | N22: D | O22: 133728 | P22: =O22/$O$3 -> 0.61268473 | Y22: 閃電鳥 | Z22: 電 | AA22: 飛行 | AB22: =數據!P21 -> 25.368 | AC22: =數據!P20 -> 27.825 | AD22: 無極汰那 | AE22: 龍 | AF22: Y | AG22: =AJ22 -> 229 | AH22: D | AI22: =AG22*IF(AH22="G", 450, IF(AH22="D", 350, 0)) * IF(AF22="Y", 1.2, 1)*(INDEX(屬性克制表!$B$2:$T$20, MATCH(AE22, 屬性克制表!$A$2:$A$20, 0), MATCH($L$1, 屬性克制表!$B$1:$T$1, 0)) * INDEX(屬性克制表!$B$2:$T$20, MATCH(AE22, 屬性克制表!$A$2:$A$20, 0), MATCH($M$1, 屬性克制表!$B$1:$T$1, 0))) -> 96180 | AJ22: =_xlfn.XLOOKUP(AD22, 數據!B$2:B$50, 數據!M$2:M$50) -> 229 | AK22: 閃電鳥 | AL22: =AB22/(INDEX(屬性克制表!$B$2:$T$20, MATCH($A$1, 屬性克制表!$A$2:$A$20, 0), MATCH(Z22, 屬性克制表!$B$1:$T$1, 0)) * INDEX(屬性克制表!$B$2:$T$20, MATCH($A$1, 屬性克制表!$A$2:$A$20, 0), MATCH(AA22, 屬性克制表!$B$1:$T$1, 0))) -> 40.5888 | AM22: 閃電鳥 | AN22: =AB22/(INDEX(屬性克制表!$B$2:$T$20, MATCH($C$1, 屬性克制表!$A$2:$A$20, 0), MATCH(Z22, 屬性克制表!$B$1:$T$1, 0)) * INDEX(屬性克制表!$B$2:$T$20, MATCH($C$1, 屬性克制表!$A$2:$A$20, 0), MATCH(AA22, 屬性克制表!$B$1:$T$1, 0))) -> 40.549872 | AO22: 閃電鳥 | AP22: =AB22/(INDEX(屬性克制表!$B$2:$T$20, MATCH($E$1, 屬性克制表!$A$2:$A$20, 0), MATCH(Z22, 屬性克制表!$B$1:$T$1, 0)) * INDEX(屬性克制表!$B$2:$T$20, MATCH($E$1, 屬性克制表!$A$2:$A$20, 0), MATCH(AA22, 屬性克制表!$B$1:$T$1, 0))) -> 25.368 | AQ22: 閃電鳥 | AR22: =AB22/(INDEX(屬性克制表!$B$2:$T$20, MATCH($G$1, 屬性克制表!$A$2:$A$20, 0), MATCH(Z22, 屬性克制表!$B$1:$T$1, 0)) * INDEX(屬性克制表!$B$2:$T$20, MATCH($G$1, 屬性克制表!$A$2:$A$20, 0), MATCH(AA22, 屬性克制表!$B$1:$T$1, 0))) -> 25.368
A23: 壺壺 | B23: 33.66 | C23: 藏飽栗鼠 | D23: 29.295 | E23: 卡比獸 | F23: 33.768 | G23: 水伊布 | H23: 31.97 | J23: 布莉姆溫 | K23: 超能力 | L23: Y | M23: 198 | N23: D | O23: 133056 | P23: =O23/$O$3 -> 0.60960591 | Y23: 轟擂金剛猩 | Z23: 草 | AA23: 無 | AB23: =數據!P22 -> 27.027 | AC23: =數據!P21 -> 25.368 | AD23: 拉帝歐斯 | AE23: 超能力 | AF23: Y | AG23: =AJ23 -> 221 | AH23: D | AI23: =AG23*IF(AH23="G", 450, IF(AH23="D", 350, 0)) * IF(AF23="Y", 1.2, 1)*(INDEX(屬性克制表!$B$2:$T$20, MATCH(AE23, 屬性克制表!$A$2:$A$20, 0), MATCH($L$1, 屬性克制表!$B$1:$T$1, 0)) * INDEX(屬性克制表!$B$2:$T$20, MATCH(AE23, 屬性克制表!$A$2:$A$20, 0), MATCH($M$1, 屬性克制表!$B$1:$T$1, 0))) -> 148512 | AJ23: =_xlfn.XLOOKUP(AD23, 數據!B$2:B$50, 數據!M$2:M$50) -> 221 | AK23: 轟擂金剛猩 | AL23: =AB23/(INDEX(屬性克制表!$B$2:$T$20, MATCH($A$1, 屬性克制表!$A$2:$A$20, 0), MATCH(Z23, 屬性克制表!$B$1:$T$1, 0)) * INDEX(屬性克制表!$B$2:$T$20, MATCH($A$1, 屬性克制表!$A$2:$A$20, 0), MATCH(AA23, 屬性克制表!$B$1:$T$1, 0))) -> 27.027 | AM23: 轟擂金剛猩 | AN23: =AB23/(INDEX(屬性克制表!$B$2:$T$20, MATCH($C$1, 屬性克制表!$A$2:$A$20, 0), MATCH(Z23, 屬性克制表!$B$1:$T$1, 0)) * INDEX(屬性克制表!$B$2:$T$20, MATCH($C$1, 屬性克制表!$A$2:$A$20, 0), MATCH(AA23, 屬性克制表!$B$1:$T$1, 0))) -> 43.2432 | AO23: 轟擂金剛猩 | AP23: =AB23/(INDEX(屬性克制表!$B$2:$T$20, MATCH($E$1, 屬性克制表!$A$2:$A$20, 0), MATCH(Z23, 屬性克制表!$B$1:$T$1, 0)) * INDEX(屬性克制表!$B$2:$T$20, MATCH($E$1, 屬性克制表!$A$2:$A$20, 0), MATCH(AA23, 屬性克制表!$B$1:$T$1, 0))) -> 43.2432 | AQ23: 轟擂金剛猩 | AR23: =AB23/(INDEX(屬性克制表!$B$2:$T$20, MATCH($G$1, 屬性克制表!$A$2:$A$20, 0), MATCH(Z23, 屬性克制表!$B$1:$T$1, 0)) * INDEX(屬性克制表!$B$2:$T$20, MATCH($G$1, 屬性克制表!$A$2:$A$20, 0), MATCH(AA23, 屬性克制表!$B$1:$T$1, 0))) -> 27.027
A24: 太陽伊布 | B24: 33.6 | C24: 武道熊師(連) | D24: 28.2 | E24: 仙子伊布 | F24: 31.486 | G24: 仙子伊布 | H24: 31.486 | J24: 戰弦蠑螈 | K24: 毒 | L24: Y | M24: 188 | N24: D | O24: 126336 | P24: =O24/$O$3 -> 0.57881773 | Y24: 火焰鳥 | Z24: 火 | AA24: 飛行 | AB24: =數據!P23 -> 23.798 | AC24: =數據!P22 -> 27.027 | AD24: 拉帝歐斯 | AE24: 龍 | AF24: Y | AG24: =AJ24 -> 221 | AH24: D | AI24: =AG24*IF(AH24="G", 450, IF(AH24="D", 350, 0)) * IF(AF24="Y", 1.2, 1)*(INDEX(屬性克制表!$B$2:$T$20, MATCH(AE24, 屬性克制表!$A$2:$A$20, 0), MATCH($L$1, 屬性克制表!$B$1:$T$1, 0)) * INDEX(屬性克制表!$B$2:$T$20, MATCH(AE24, 屬性克制表!$A$2:$A$20, 0), MATCH($M$1, 屬性克制表!$B$1:$T$1, 0))) -> 92820 | AJ24: =_xlfn.XLOOKUP(AD24, 數據!B$2:B$50, 數據!M$2:M$50) -> 221 | AK24: 火焰鳥 | AL24: =AB24/(INDEX(屬性克制表!$B$2:$T$20, MATCH($A$1, 屬性克制表!$A$2:$A$20, 0), MATCH(Z24, 屬性克制表!$B$1:$T$1, 0)) * INDEX(屬性克制表!$B$2:$T$20, MATCH($A$1, 屬性克制表!$A$2:$A$20, 0), MATCH(AA24, 屬性克制表!$B$1:$T$1, 0))) -> 38.0768 | AM24: 火焰鳥 | AN24: =AB24/(INDEX(屬性克制表!$B$2:$T$20, MATCH($C$1, 屬性克制表!$A$2:$A$20, 0), MATCH(Z24, 屬性克制表!$B$1:$T$1, 0)) * INDEX(屬性克制表!$B$2:$T$20, MATCH($C$1, 屬性克制表!$A$2:$A$20, 0), MATCH(AA24, 屬性克制表!$B$1:$T$1, 0))) -> 38.040281 | AO24: 火焰鳥 | AP24: =AB24/(INDEX(屬性克制表!$B$2:$T$20, MATCH($E$1, 屬性克制表!$A$2:$A$20, 0), MATCH(Z24, 屬性克制表!$B$1:$T$1, 0)) * INDEX(屬性克制表!$B$2:$T$20, MATCH($E$1, 屬性克制表!$A$2:$A$20, 0), MATCH(AA24, 屬性克制表!$B$1:$T$1, 0))) -> 14.87375 | AQ24: 火焰鳥 | AR24: =AB24/(INDEX(屬性克制表!$B$2:$T$20, MATCH($G$1, 屬性克制表!$A$2:$A$20, 0), MATCH(Z24, 屬性克制表!$B$1:$T$1, 0)) * INDEX(屬性克制表!$B$2:$T$20, MATCH($G$1, 屬性克制表!$A$2:$A$20, 0), MATCH(AA24, 屬性克制表!$B$1:$T$1, 0))) -> 38.0768
A25: 水伊布 | B25: 31.97 | C25: 武道熊師(一) | D25: 28.2 | E25: 鋼鎧鴉 | F25: 31.35 | G25: 狒狒達摩 | H25: 30.88 | J25: 噴火龍 | K25: 火 | L25: Y | M25: 187 | N25: D | O25: 125664 | P25: =O25/$O$3 -> 0.57573892 | Y25: 投擲猴 | Z25: 格鬥 | AA25: 無 | AB25: =數據!P24 -> 24.104 | AC25: =數據!P23 -> 23.798 | AD25: 狒狒達摩 | AE25: 火 | AF25: Y | AG25: =AJ25 -> 218 | AH25: D | AI25: =AG25*IF(AH25="G", 450, IF(AH25="D", 350, 0)) * IF(AF25="Y", 1.2, 1)*(INDEX(屬性克制表!$B$2:$T$20, MATCH(AE25, 屬性克制表!$A$2:$A$20, 0), MATCH($L$1, 屬性克制表!$B$1:$T$1, 0)) * INDEX(屬性克制表!$B$2:$T$20, MATCH(AE25, 屬性克制表!$A$2:$A$20, 0), MATCH($M$1, 屬性克制表!$B$1:$T$1, 0))) -> 146496 | AJ25: =_xlfn.XLOOKUP(AD25, 數據!B$2:B$50, 數據!M$2:M$50) -> 218 | AK25: 投擲猴 | AL25: =AB25/(INDEX(屬性克制表!$B$2:$T$20, MATCH($A$1, 屬性克制表!$A$2:$A$20, 0), MATCH(Z25, 屬性克制表!$B$1:$T$1, 0)) * INDEX(屬性克制表!$B$2:$T$20, MATCH($A$1, 屬性克制表!$A$2:$A$20, 0), MATCH(AA25, 屬性克制表!$B$1:$T$1, 0))) -> 24.104 | AM25: 投擲猴 | AN25: =AB25/(INDEX(屬性克制表!$B$2:$T$20, MATCH($C$1, 屬性克制表!$A$2:$A$20, 0), MATCH(Z25, 屬性克制表!$B$1:$T$1, 0)) * INDEX(屬性克制表!$B$2:$T$20, MATCH($C$1, 屬性克制表!$A$2:$A$20, 0), MATCH(AA25, 屬性克制表!$B$1:$T$1, 0))) -> 24.104 | AO25: 投擲猴 | AP25: =AB25/(INDEX(屬性克制表!$B$2:$T$20, MATCH($E$1, 屬性克制表!$A$2:$A$20, 0), MATCH(Z25, 屬性克制表!$B$1:$T$1, 0)) * INDEX(屬性克制表!$B$2:$T$20, MATCH($E$1, 屬性克制表!$A$2:$A$20, 0), MATCH(AA25, 屬性克制表!$B$1:$T$1, 0))) -> 24.104 | AQ25: 投擲猴 | AR25: =AB25/(INDEX(屬性克制表!$B$2:$T$20, MATCH($G$1, 屬性克制表!$A$2:$A$20, 0), MATCH(Z25, 屬性克制表!$B$1:$T$1, 0)) * INDEX(屬性克制表!$B$2:$T$20, MATCH($G$1, 屬性克制表!$A$2:$A$20, 0), MATCH(AA25, 屬性克制表!$B$1:$T$1, 0))) -> 24.104
A26: 鋼鎧鴉 | B26: 31.35 | C26: 水箭龜 | D26: 27.825 | E26: 巨鉗蟹 | F26: 31.0896 | G26: 急凍鳥 | H26: 30.504 | J26: 蒼響 | K26: 鋼 | L26: Y | M26: 291 | N26: D | O26: 122220 | P26: =O26/$O$3 -> 0.55995998 | Y26: 妙蛙花 | Z26: 草 | AA26: 毒 | AB26: =數據!P25 -> 23.712 | AC26: =數據!P24 -> 24.104 | AD26: 耿鬼 | AE26: 幽靈 | AF26: Y | AG26: =AJ26 -> 223 | AH26: D | AI26: =AG26*IF(AH26="G", 450, IF(AH26="D", 350, 0)) * IF(AF26="Y", 1.2, 1)*(INDEX(屬性克制表!$B$2:$T$20, MATCH(AE26, 屬性克制表!$A$2:$A$20, 0), MATCH($L$1, 屬性克制表!$B$1:$T$1, 0)) * INDEX(屬性克制表!$B$2:$T$20, MATCH(AE26, 屬性克制表!$A$2:$A$20, 0), MATCH($M$1, 屬性克制表!$B$1:$T$1, 0))) -> 93660 | AJ26: =_xlfn.XLOOKUP(AD26, 數據!B$2:B$50, 數據!M$2:M$50) -> 223 | AK26: 妙蛙花 | AL26: =AB26/(INDEX(屬性克制表!$B$2:$T$20, MATCH($A$1, 屬性克制表!$A$2:$A$20, 0), MATCH(Z26, 屬性克制表!$B$1:$T$1, 0)) * INDEX(屬性克制表!$B$2:$T$20, MATCH($A$1, 屬性克制表!$A$2:$A$20, 0), MATCH(AA26, 屬性克制表!$B$1:$T$1, 0))) -> 37.9392 | AM26: 妙蛙花 | AN26: =AB26/(INDEX(屬性克制表!$B$2:$T$20, MATCH($C$1, 屬性克制表!$A$2:$A$20, 0), MATCH(Z26, 屬性克制表!$B$1:$T$1, 0)) * INDEX(屬性克制表!$B$2:$T$20, MATCH($C$1, 屬性克制表!$A$2:$A$20, 0), MATCH(AA26, 屬性克制表!$B$1:$T$1, 0))) -> 23.712 | AO26: 妙蛙花 | AP26: =AB26/(INDEX(屬性克制表!$B$2:$T$20, MATCH($E$1, 屬性克制表!$A$2:$A$20, 0), MATCH(Z26, 屬性克制表!$B$1:$T$1, 0)) * INDEX(屬性克制表!$B$2:$T$20, MATCH($E$1, 屬性克制表!$A$2:$A$20, 0), MATCH(AA26, 屬性克制表!$B$1:$T$1, 0))) -> 37.9392 | AQ26: 妙蛙花 | AR26: =AB26/(INDEX(屬性克制表!$B$2:$T$20, MATCH($G$1, 屬性克制表!$A$2:$A$20, 0), MATCH(Z26, 屬性克制表!$B$1:$T$1, 0)) * INDEX(屬性克制表!$B$2:$T$20, MATCH($G$1, 屬性克制表!$A$2:$A$20, 0), MATCH(AA26, 屬性克制表!$B$1:$T$1, 0))) -> 37.9392
A27: 急凍鳥 | B27: 30.504 | C27: 拉帝歐斯 | D27: 27.808 | E27: 急凍鳥 | F27: 30.504 | G27: 戰弦蠑螈 | H27: 29.8144 | J27: 拉普拉斯 | K27: 冰 | L27: Y | M27: 141 | N27: G | O27: 121824 | P27: =O27/$O$3 -> 0.55814567 | Y27: 毛毛角羊 | Z27: 一般 | AA27: 無 | AB27: =數據!P26 -> 24.883 | AC27: =數據!P25 -> 23.712 | AD27: 巨金怪 | AE27: 超能力 | AF27: Y | AG27: =AJ27 -> 214 | AH27: D | AI27: =AG27*IF(AH27="G", 450, IF(AH27="D", 350, 0)) * IF(AF27="Y", 1.2, 1)*(INDEX(屬性克制表!$B$2:$T$20, MATCH(AE27, 屬性克制表!$A$2:$A$20, 0), MATCH($L$1, 屬性克制表!$B$1:$T$1, 0)) * INDEX(屬性克制表!$B$2:$T$20, MATCH(AE27, 屬性克制表!$A$2:$A$20, 0), MATCH($M$1, 屬性克制表!$B$1:$T$1, 0))) -> 143808 | AJ27: =_xlfn.XLOOKUP(AD27, 數據!B$2:B$50, 數據!M$2:M$50) -> 214 | AK27: 毛毛角羊 | AL27: =AB27/(INDEX(屬性克制表!$B$2:$T$20, MATCH($A$1, 屬性克制表!$A$2:$A$20, 0), MATCH(Z27, 屬性克制表!$B$1:$T$1, 0)) * INDEX(屬性克制表!$B$2:$T$20, MATCH($A$1, 屬性克制表!$A$2:$A$20, 0), MATCH(AA27, 屬性克制表!$B$1:$T$1, 0))) -> 15.551875 | AM27: 毛毛角羊 | AN27: =AB27/(INDEX(屬性克制表!$B$2:$T$20, MATCH($C$1, 屬性克制表!$A$2:$A$20, 0), MATCH(Z27, 屬性克制表!$B$1:$T$1, 0)) * INDEX(屬性克制表!$B$2:$T$20, MATCH($C$1, 屬性克制表!$A$2:$A$20, 0), MATCH(AA27, 屬性克制表!$B$1:$T$1, 0))) -> 24.883 | AO27: 毛毛角羊 | AP27: =AB27/(INDEX(屬性克制表!$B$2:$T$20, MATCH($E$1, 屬性克制表!$A$2:$A$20, 0), MATCH(Z27, 屬性克制表!$B$1:$T$1, 0)) * INDEX(屬性克制表!$B$2:$T$20, MATCH($E$1, 屬性克制表!$A$2:$A$20, 0), MATCH(AA27, 屬性克制表!$B$1:$T$1, 0))) -> 24.883 | AQ27: 毛毛角羊 | AR27: =AB27/(INDEX(屬性克制表!$B$2:$T$20, MATCH($G$1, 屬性克制表!$A$2:$A$20, 0), MATCH(Z27, 屬性克制表!$B$1:$T$1, 0)) * INDEX(屬性克制表!$B$2:$T$20, MATCH($G$1, 屬性克制表!$A$2:$A$20, 0), MATCH(AA27, 屬性克制表!$B$1:$T$1, 0))) -> 24.883
A28: 巨金怪 | B28: 30.429 | C28: 藏瑪然特 | D28: 26.91875 | E28: 巨金怪 | F28: 30.429 | G28: 藏飽栗鼠 | H28: 29.295 | J28: 耿鬼 | K28: 幽靈 | L28: Y | M28: 223 | N28: G | O28: 120420 | P28: =O28/$O$3 -> 0.55171314 | Y28: 多刺菊石獸 | Z28: 岩石 | AA28: 水 | AB28: =數據!P27 -> 25.456 | AC28: =數據!P26 -> 24.883 | AD28: 巨金怪 | AE28: 鋼 | AF28: Y | AG28: =AJ28 -> 214 | AH28: D | AI28: =AG28*IF(AH28="G", 450, IF(AH28="D", 350, 0)) * IF(AF28="Y", 1.2, 1)*(INDEX(屬性克制表!$B$2:$T$20, MATCH(AE28, 屬性克制表!$A$2:$A$20, 0), MATCH($L$1, 屬性克制表!$B$1:$T$1, 0)) * INDEX(屬性克制表!$B$2:$T$20, MATCH(AE28, 屬性克制表!$A$2:$A$20, 0), MATCH($M$1, 屬性克制表!$B$1:$T$1, 0))) -> 89880 | AJ28: =_xlfn.XLOOKUP(AD28, 數據!B$2:B$50, 數據!M$2:M$50) -> 214 | AK28: 多刺菊石獸 | AL28: =AB28/(INDEX(屬性克制表!$B$2:$T$20, MATCH($A$1, 屬性克制表!$A$2:$A$20, 0), MATCH(Z28, 屬性克制表!$B$1:$T$1, 0)) * INDEX(屬性克制表!$B$2:$T$20, MATCH($A$1, 屬性克制表!$A$2:$A$20, 0), MATCH(AA28, 屬性克制表!$B$1:$T$1, 0))) -> 15.91 | AM28: 多刺菊石獸 | AN28: =AB28/(INDEX(屬性克制表!$B$2:$T$20, MATCH($C$1, 屬性克制表!$A$2:$A$20, 0), MATCH(Z28, 屬性克制表!$B$1:$T$1, 0)) * INDEX(屬性克制表!$B$2:$T$20, MATCH($C$1, 屬性克制表!$A$2:$A$20, 0), MATCH(AA28, 屬性克制表!$B$1:$T$1, 0))) -> 15.91 | AO28: 多刺菊石獸 | AP28: =AB28/(INDEX(屬性克制表!$B$2:$T$20, MATCH($E$1, 屬性克制表!$A$2:$A$20, 0), MATCH(Z28, 屬性克制表!$B$1:$T$1, 0)) * INDEX(屬性克制表!$B$2:$T$20, MATCH($E$1, 屬性克制表!$A$2:$A$20, 0), MATCH(AA28, 屬性克制表!$B$1:$T$1, 0))) -> 25.456 | AQ28: 多刺菊石獸 | AR28: =AB28/(INDEX(屬性克制表!$B$2:$T$20, MATCH($G$1, 屬性克制表!$A$2:$A$20, 0), MATCH(Z28, 屬性克制表!$B$1:$T$1, 0)) * INDEX(屬性克制表!$B$2:$T$20, MATCH($G$1, 屬性克制表!$A$2:$A$20, 0), MATCH(AA28, 屬性克制表!$B$1:$T$1, 0))) -> 25.456
A29: 戰弦蠑螈 | B29: 29.8144 | C29: 幾何雪花 | D29: 26.296 | E29: 藏飽栗鼠 | F29: 29.295 | G29: 耿鬼 | H29: 29.1584 | J29: 炎帝 | K29: 火 | L29: Y | M29: 175 | N29: D | O29: 117600 | P29: =O29/$O$3 -> 0.5387931 | Y29: 壺壺 | Z29: 岩石 | AA29: 蟲 | AB29: =數據!P28 -> 33.66 | AC29: =數據!P27 -> 25.456 | AD29: 龍頭地鼠 | AE29: 地面 | AF29: Y | AG29: =AJ29 -> 217 | AH29: D | AI29: =AG29*IF(AH29="G", 450, IF(AH29="D", 350, 0)) * IF(AF29="Y", 1.2, 1)*(INDEX(屬性克制表!$B$2:$T$20, MATCH(AE29, 屬性克制表!$A$2:$A$20, 0), MATCH($L$1, 屬性克制表!$B$1:$T$1, 0)) * INDEX(屬性克制表!$B$2:$T$20, MATCH(AE29, 屬性克制表!$A$2:$A$20, 0), MATCH($M$1, 屬性克制表!$B$1:$T$1, 0))) -> 56962.5 | AJ29: =_xlfn.XLOOKUP(AD29, 數據!B$2:B$50, 數據!M$2:M$50) -> 217 | AK29: 壺壺 | AL29: =AB29/(INDEX(屬性克制表!$B$2:$T$20, MATCH($A$1, 屬性克制表!$A$2:$A$20, 0), MATCH(Z29, 屬性克制表!$B$1:$T$1, 0)) * INDEX(屬性克制表!$B$2:$T$20, MATCH($A$1, 屬性克制表!$A$2:$A$20, 0), MATCH(AA29, 屬性克制表!$B$1:$T$1, 0))) -> 33.66 | AM29: 壺壺 | AN29: =AB29/(INDEX(屬性克制表!$B$2:$T$20, MATCH($C$1, 屬性克制表!$A$2:$A$20, 0), MATCH(Z29, 屬性克制表!$B$1:$T$1, 0)) * INDEX(屬性克制表!$B$2:$T$20, MATCH($C$1, 屬性克制表!$A$2:$A$20, 0), MATCH(AA29, 屬性克制表!$B$1:$T$1, 0))) -> 33.66 | AO29: 壺壺 | AP29: =AB29/(INDEX(屬性克制表!$B$2:$T$20, MATCH($E$1, 屬性克制表!$A$2:$A$20, 0), MATCH(Z29, 屬性克制表!$B$1:$T$1, 0)) * INDEX(屬性克制表!$B$2:$T$20, MATCH($E$1, 屬性克制表!$A$2:$A$20, 0), MATCH(AA29, 屬性克制表!$B$1:$T$1, 0))) -> 21.0375 | AQ29: 壺壺 | AR29: =AB29/(INDEX(屬性克制表!$B$2:$T$20, MATCH($G$1, 屬性克制表!$A$2:$A$20, 0), MATCH(Z29, 屬性克制表!$B$1:$T$1, 0)) * INDEX(屬性克制表!$B$2:$T$20, MATCH($G$1, 屬性克制表!$A$2:$A$20, 0), MATCH(AA29, 屬性克制表!$B$1:$T$1, 0))) -> 33.66
A30: 胡地 | B30: 29.2608 | C30: 怪力 | D30: 25.38 | E30: 千面避役 | F30: 28.9296 | G30: 武道熊師(連) | H30: 28.2 | J30: 洛奇亞 | K30: 超能力 | L30: Y | M30: 164 | N30: D | O30: 110208 | P30: =O30/$O$3 -> 0.50492611 | Y30: 怪力 | Z30: 格鬥 | AA30: 無 | AB30: =數據!P29 -> 25.38 | AC30: =數據!P28 -> 33.66 | AD30: 龍頭地鼠 | AE30: 鋼 | AF30: Y | AG30: =AJ30 -> 217 | AH30: D | AI30: =AG30*IF(AH30="G", 450, IF(AH30="D", 350, 0)) * IF(AF30="Y", 1.2, 1)*(INDEX(屬性克制表!$B$2:$T$20, MATCH(AE30, 屬性克制表!$A$2:$A$20, 0), MATCH($L$1, 屬性克制表!$B$1:$T$1, 0)) * INDEX(屬性克制表!$B$2:$T$20, MATCH(AE30, 屬性克制表!$A$2:$A$20, 0), MATCH($M$1, 屬性克制表!$B$1:$T$1, 0))) -> 91140 | AJ30: =_xlfn.XLOOKUP(AD30, 數據!B$2:B$50, 數據!M$2:M$50) -> 217 | AK30: 怪力 | AL30: =AB30/(INDEX(屬性克制表!$B$2:$T$20, MATCH($A$1, 屬性克制表!$A$2:$A$20, 0), MATCH(Z30, 屬性克制表!$B$1:$T$1, 0)) * INDEX(屬性克制表!$B$2:$T$20, MATCH($A$1, 屬性克制表!$A$2:$A$20, 0), MATCH(AA30, 屬性克制表!$B$1:$T$1, 0))) -> 25.38 | AM30: 怪力 | AN30: =AB30/(INDEX(屬性克制表!$B$2:$T$20, MATCH($C$1, 屬性克制表!$A$2:$A$20, 0), MATCH(Z30, 屬性克制表!$B$1:$T$1, 0)) * INDEX(屬性克制表!$B$2:$T$20, MATCH($C$1, 屬性克制表!$A$2:$A$20, 0), MATCH(AA30, 屬性克制表!$B$1:$T$1, 0))) -> 25.38 | AO30: 怪力 | AP30: =AB30/(INDEX(屬性克制表!$B$2:$T$20, MATCH($E$1, 屬性克制表!$A$2:$A$20, 0), MATCH(Z30, 屬性克制表!$B$1:$T$1, 0)) * INDEX(屬性克制表!$B$2:$T$20, MATCH($E$1, 屬性克制表!$A$2:$A$20, 0), MATCH(AA30, 屬性克制表!$B$1:$T$1, 0))) -> 25.38 | AQ30: 怪力 | AR30: =AB30/(INDEX(屬性克制表!$B$2:$T$20, MATCH($G$1, 屬性克制表!$A$2:$A$20, 0), MATCH(Z30, 屬性克制表!$B$1:$T$1, 0)) * INDEX(屬性克制表!$B$2:$T$20, MATCH($G$1, 屬性克制表!$A$2:$A$20, 0), MATCH(AA30, 屬性克制表!$B$1:$T$1, 0))) -> 25.38
A31: 武道熊師(連) | B31: 28.2 | C31: 毛毛角羊 | D31: 24.883 | E31: 武道熊師(一) | F31: 28.2 | G31: 水箭龜 | H31: 27.825 | J31: 怪力 | K31: 格鬥 | L31: Y | M31: 201 | N31: G | O31: 108540 | P31: =O31/$O$3 -> 0.49728404 | Y31: 噴火龍 | Z31: 火 | AA31: 飛行 | AB31: =數據!P30 -> 22.62 | AC31: =數據!P29 -> 25.38 | AD31: 武道熊師(一) | AE31: 惡 | AF31: Y | AG31: =AJ31 -> 210 | AH31: D | AI31: =AG31*IF(AH31="G", 450, IF(AH31="D", 350, 0)) * IF(AF31="Y", 1.2, 1)*(INDEX(屬性克制表!$B$2:$T$20, MATCH(AE31, 屬性克制表!$A$2:$A$20, 0), MATCH($L$1, 屬性克制表!$B$1:$T$1, 0)) * INDEX(屬性克制表!$B$2:$T$20, MATCH(AE31, 屬性克制表!$A$2:$A$20, 0), MATCH($M$1, 屬性克制表!$B$1:$T$1, 0))) -> 55125 | AJ31: =_xlfn.XLOOKUP(AD31, 數據!B$2:B$50, 數據!M$2:M$50) -> 210 | AK31: 噴火龍 | AL31: =AB31/(INDEX(屬性克制表!$B$2:$T$20, MATCH($A$1, 屬性克制表!$A$2:$A$20, 0), MATCH(Z31, 屬性克制表!$B$1:$T$1, 0)) * INDEX(屬性克制表!$B$2:$T$20, MATCH($A$1, 屬性克制表!$A$2:$A$20, 0), MATCH(AA31, 屬性克制表!$B$1:$T$1, 0))) -> 36.192 | AM31: 噴火龍 | AN31: =AB31/(INDEX(屬性克制表!$B$2:$T$20, MATCH($C$1, 屬性克制表!$A$2:$A$20, 0), MATCH(Z31, 屬性克制表!$B$1:$T$1, 0)) * INDEX(屬性克制表!$B$2:$T$20, MATCH($C$1, 屬性克制表!$A$2:$A$20, 0), MATCH(AA31, 屬性克制表!$B$1:$T$1, 0))) -> 36.157289 | AO31: 噴火龍 | AP31: =AB31/(INDEX(屬性克制表!$B$2:$T$20, MATCH($E$1, 屬性克制表!$A$2:$A$20, 0), MATCH(Z31, 屬性克制表!$B$1:$T$1, 0)) * INDEX(屬性克制表!$B$2:$T$20, MATCH($E$1, 屬性克制表!$A$2:$A$20, 0), MATCH(AA31, 屬性克制表!$B$1:$T$1, 0))) -> 14.1375 | AQ31: 噴火龍 | AR31: =AB31/(INDEX(屬性克制表!$B$2:$T$20, MATCH($G$1, 屬性克制表!$A$2:$A$20, 0), MATCH(Z31, 屬性克制表!$B$1:$T$1, 0)) * INDEX(屬性克制表!$B$2:$T$20, MATCH($G$1, 屬性克制表!$A$2:$A$20, 0), MATCH(AA31, 屬性克制表!$B$1:$T$1, 0))) -> 36.192
... A46: 雷伊布 | B46: 21.84 | C46: 巨鉗蟹 | D46: 19.431 | E46: 壺壺 | F46: 21.0375 | G46: 月亮伊布 | H46: 22.9775 | J46: 沙奈朵 | K46: 妖精 | L46: Y | M46: 199 | N46: D | O46: 83580 | P46: =O46/$O$3 -> 0.38292796 | Y46: 勾魂眼 | Z46: 幽靈 | AA46: 惡 | AB46: =數據!P45 -> 13.688 | AC46: =數據!P44 -> 15.827 | AD46: 噴火龍 | AE46: 飛行 | AF46: Y | AG46: =AJ46 -> 187 | AH46: D | AI46: =AG46*IF(AH46="G", 450, IF(AH46="D", 350, 0)) * IF(AF46="Y", 1.2, 1)*(INDEX(屬性克制表!$B$2:$T$20, MATCH(AE46, 屬性克制表!$A$2:$A$20, 0), MATCH($L$1, 屬性克制表!$B$1:$T$1, 0)) * INDEX(屬性克制表!$B$2:$T$20, MATCH(AE46, 屬性克制表!$A$2:$A$20, 0), MATCH($M$1, 屬性克制表!$B$1:$T$1, 0))) -> 201062.4 | AJ46: =_xlfn.XLOOKUP(AD46, 數據!B$2:B$50, 數據!M$2:M$50) -> 187 | AK46: 勾魂眼 | AL46: =AB46/(INDEX(屬性克制表!$B$2:$T$20, MATCH($A$1, 屬性克制表!$A$2:$A$20, 0), MATCH(Z46, 屬性克制表!$B$1:$T$1, 0)) * INDEX(屬性克制表!$B$2:$T$20, MATCH($A$1, 屬性克制表!$A$2:$A$20, 0), MATCH(AA46, 屬性克制表!$B$1:$T$1, 0))) -> 21.879795 | AM46: 勾魂眼 | AN46: =AB46/(INDEX(屬性克制表!$B$2:$T$20, MATCH($C$1, 屬性克制表!$A$2:$A$20, 0), MATCH(Z46, 屬性克制表!$B$1:$T$1, 0)) * INDEX(屬性克制表!$B$2:$T$20, MATCH($C$1, 屬性克制表!$A$2:$A$20, 0), MATCH(AA46, 屬性克制表!$B$1:$T$1, 0))) -> 13.688 | AO46: 勾魂眼 | AP46: =AB46/(INDEX(屬性克制表!$B$2:$T$20, MATCH($E$1, 屬性克制表!$A$2:$A$20, 0), MATCH(Z46, 屬性克制表!$B$1:$T$1, 0)) * INDEX(屬性克制表!$B$2:$T$20, MATCH($E$1, 屬性克制表!$A$2:$A$20, 0), MATCH(AA46, 屬性克制表!$B$1:$T$1, 0))) -> 13.688 | AQ46: 勾魂眼 | AR46: =AB46/(INDEX(屬性克制表!$B$2:$T$20, MATCH($G$1, 屬性克制表!$A$2:$A$20, 0), MATCH(Z46, 屬性克制表!$B$1:$T$1, 0)) * INDEX(屬性克制表!$B$2:$T$20, MATCH($G$1, 屬性克制表!$A$2:$A$20, 0), MATCH(AA46, 屬性克制表!$B$1:$T$1, 0))) -> 8.555
A47: 火伊布 | B47: 21.42 | C47: 巨金怪 | D47: 19.018125 | E47: 太陽伊布 | F47: 21 | G47: 吼鯨王 | H47: 22.88 | J47: 艾路雷朵 | K47: 格鬥 | L47: Y | M47: 199 | N47: D | O47: 83580 | P47: =O47/$O$3 -> 0.38292796 | Y47: =數據!B46 -> 胡地 | Z47: =數據!C46 -> 超能力 | AA47: =數據!D46 -> 無 | AB47: =數據!P46 -> 18.288 | AC47: =數據!P45 -> 13.688 | AD47: 噴火龍 | AE47: 火 | AF47: Y | AG47: =AJ47 -> 187 | AH47: D | AI47: =AG47*IF(AH47="G", 450, IF(AH47="D", 350, 0)) * IF(AF47="Y", 1.2, 1)*(INDEX(屬性克制表!$B$2:$T$20, MATCH(AE47, 屬性克制表!$A$2:$A$20, 0), MATCH($L$1, 屬性克制表!$B$1:$T$1, 0)) * INDEX(屬性克制表!$B$2:$T$20, MATCH(AE47, 屬性克制表!$A$2:$A$20, 0), MATCH($M$1, 屬性克制表!$B$1:$T$1, 0))) -> 125664 | AJ47: =_xlfn.XLOOKUP(AD47, 數據!B$2:B$50, 數據!M$2:M$50) -> 187 | AK47: =Y47 -> 胡地 | AL47: =AB47/(INDEX(屬性克制表!$B$2:$T$20, MATCH($A$1, 屬性克制表!$A$2:$A$20, 0), MATCH(Z47, 屬性克制表!$B$1:$T$1, 0)) * INDEX(屬性克制表!$B$2:$T$20, MATCH($A$1, 屬性克制表!$A$2:$A$20, 0), MATCH(AA47, 屬性克制表!$B$1:$T$1, 0))) -> 29.2608 | AM47: =Y47 -> 胡地 | AN47: =AB47/(INDEX(屬性克制表!$B$2:$T$20, MATCH($C$1, 屬性克制表!$A$2:$A$20, 0), MATCH(Z47, 屬性克制表!$B$1:$T$1, 0)) * INDEX(屬性克制表!$B$2:$T$20, MATCH($C$1, 屬性克制表!$A$2:$A$20, 0), MATCH(AA47, 屬性克制表!$B$1:$T$1, 0))) -> 18.288 | AO47: =Y47 -> 胡地 | AP47: =AB47/(INDEX(屬性克制表!$B$2:$T$20, MATCH($E$1, 屬性克制表!$A$2:$A$20, 0), MATCH(Z47, 屬性克制表!$B$1:$T$1, 0)) * INDEX(屬性克制表!$B$2:$T$20, MATCH($E$1, 屬性克制表!$A$2:$A$20, 0), MATCH(AA47, 屬性克制表!$B$1:$T$1, 0))) -> 18.288 | AQ47: =Y47 -> 胡地 | AR47: =AB47/(INDEX(屬性克制表!$B$2:$T$20, MATCH($G$1, 屬性克制表!$A$2:$A$20, 0), MATCH(Z47, 屬性克制表!$B$1:$T$1, 0)) * INDEX(屬性克制表!$B$2:$T$20, MATCH($G$1, 屬性克制表!$A$2:$A$20, 0), MATCH(AA47, 屬性克制表!$B$1:$T$1, 0))) -> 18.288
A48: 鐮刀盔 | B48: 21.172 | C48: 胡地 | D48: 18.288 | E48: 高傲雉雞 | F48: 20.32 | G48: 雷伊布 | H48: 21.84 | J48: 布莉姆溫 | K48: 妖精 | L48: Y | M48: 198 | N48: D | O48: 83160 | P48: =O48/$O$3 -> 0.38100369 | Y48: =數據!B47 -> 鋁鋼龍 | Z48: =數據!C47 -> 鋼 | AA48: =數據!D47 -> 龍 | AB48: =數據!P47 -> 23.226 | AD48: 耿鬼 | AE48: 惡 | AF48: N | AG48: =AJ48 -> 223 | AH48: D | AI48: =AG48*IF(AH48="G", 450, IF(AH48="D", 350, 0)) * IF(AF48="Y", 1.2, 1)*(INDEX(屬性克制表!$B$2:$T$20, MATCH(AE48, 屬性克制表!$A$2:$A$20, 0), MATCH($L$1, 屬性克制表!$B$1:$T$1, 0)) * INDEX(屬性克制表!$B$2:$T$20, MATCH(AE48, 屬性克制表!$A$2:$A$20, 0), MATCH($M$1, 屬性克制表!$B$1:$T$1, 0))) -> 48781.25 | AJ48: =_xlfn.XLOOKUP(AD48, 數據!B$2:B$50, 數據!M$2:M$50) -> 223 | AK48: =Y48 -> 鋁鋼龍 | AL48: =AB48/(INDEX(屬性克制表!$B$2:$T$20, MATCH($A$1, 屬性克制表!$A$2:$A$20, 0), MATCH(Z48, 屬性克制表!$B$1:$T$1, 0)) * INDEX(屬性克制表!$B$2:$T$20, MATCH($A$1, 屬性克制表!$A$2:$A$20, 0), MATCH(AA48, 屬性克制表!$B$1:$T$1, 0))) -> 14.51625 | AM48: =Y48 -> 鋁鋼龍 | AN48: =AB48/(INDEX(屬性克制表!$B$2:$T$20, MATCH($C$1, 屬性克制表!$A$2:$A$20, 0), MATCH(Z48, 屬性克制表!$B$1:$T$1, 0)) * INDEX(屬性克制表!$B$2:$T$20, MATCH($C$1, 屬性克制表!$A$2:$A$20, 0), MATCH(AA48, 屬性克制表!$B$1:$T$1, 0))) -> 14.51625 | AO48: =Y48 -> 鋁鋼龍 | AP48: =AB48/(INDEX(屬性克制表!$B$2:$T$20, MATCH($E$1, 屬性克制表!$A$2:$A$20, 0), MATCH(Z48, 屬性克制表!$B$1:$T$1, 0)) * INDEX(屬性克制表!$B$2:$T$20, MATCH($E$1, 屬性克制表!$A$2:$A$20, 0), MATCH(AA48, 屬性克制表!$B$1:$T$1, 0))) -> 37.1616 | AQ48: =Y48 -> 鋁鋼龍 | AR48: =AB48/(INDEX(屬性克制表!$B$2:$T$20, MATCH($G$1, 屬性克制表!$A$2:$A$20, 0), MATCH(Z48, 屬性克制表!$B$1:$T$1, 0)) * INDEX(屬性克制表!$B$2:$T$20, MATCH($G$1, 屬性克制表!$A$2:$A$20, 0), MATCH(AA48, 屬性克制表!$B$1:$T$1, 0))) -> 23.226
A49: 拉普拉斯 | B49: 21.13125 | C49: 千面避役 | D49: 18.081 | E49: 布莉姆溫 | F49: 19.84 | G49: 鐮刀盔 | H49: 21.172 | J49: 吼鯨王 | K49: 超能力 | L49: N | M49: 147 | N49: D | O49: 82320 | P49: =O49/$O$3 -> 0.37715517 | Y49: =數據!B48 -> 甜冷美后 | Z49: =數據!C48 -> 草 | AA49: 無 | AB49: =數據!P48 -> 24.9 | AD49: 巴大蝶 | AE49: 蟲 | AF49: Y | AG49: =AJ49 -> 143 | AH49: G | AI49: =AG49*IF(AH49="G", 450, IF(AH49="D", 350, 0)) * IF(AF49="Y", 1.2, 1)*(INDEX(屬性克制表!$B$2:$T$20, MATCH(AE49, 屬性克制表!$A$2:$A$20, 0), MATCH($L$1, 屬性克制表!$B$1:$T$1, 0)) * INDEX(屬性克制表!$B$2:$T$20, MATCH(AE49, 屬性克制表!$A$2:$A$20, 0), MATCH($M$1, 屬性克制表!$B$1:$T$1, 0))) -> 77220 | AJ49: =_xlfn.XLOOKUP(AD49, 數據!B$2:B$50, 數據!M$2:M$50) -> 143 | AK49: =Y49 -> 甜冷美后 | AL49: =AB49/(INDEX(屬性克制表!$B$2:$T$20, MATCH($A$1, 屬性克制表!$A$2:$A$20, 0), MATCH(Z49, 屬性克制表!$B$1:$T$1, 0)) * INDEX(屬性克制表!$B$2:$T$20, MATCH($A$1, 屬性克制表!$A$2:$A$20, 0), MATCH(AA49, 屬性克制表!$B$1:$T$1, 0))) -> 24.9 | AM49: =Y49 -> 甜冷美后 | AN49: =AB49/(INDEX(屬性克制表!$B$2:$T$20, MATCH($C$1, 屬性克制表!$A$2:$A$20, 0), MATCH(Z49, 屬性克制表!$B$1:$T$1, 0)) * INDEX(屬性克制表!$B$2:$T$20, MATCH($C$1, 屬性克制表!$A$2:$A$20, 0), MATCH(AA49, 屬性克制表!$B$1:$T$1, 0))) -> 39.84 | AO49: =Y49 -> 甜冷美后 | AP49: =AB49/(INDEX(屬性克制表!$B$2:$T$20, MATCH($E$1, 屬性克制表!$A$2:$A$20, 0), MATCH(Z49, 屬性克制表!$B$1:$T$1, 0)) * INDEX(屬性克制表!$B$2:$T$20, MATCH($E$1, 屬性克制表!$A$2:$A$20, 0), MATCH(AA49, 屬性克制表!$B$1:$T$1, 0))) -> 39.84 | AQ49: =Y49 -> 甜冷美后 | AR49: =AB49/(INDEX(屬性克制表!$B$2:$T$20, MATCH($G$1, 屬性克制表!$A$2:$A$20, 0), MATCH(Z49, 屬性克制表!$B$1:$T$1, 0)) * INDEX(屬性克制表!$B$2:$T$20, MATCH($G$1, 屬性克制表!$A$2:$A$20, 0), MATCH(AA49, 屬性克制表!$B$1:$T$1, 0))) -> 24.9
A50: 卡比獸 | B50: 21.105 | C50: 雷公 | D50: 17.10625 | E50: 列陣兵 | F50: 19.591 | G50: 太陽伊布 | H50: 21 | J50: 巴大蝶 | K50: 超能力 | L50: N | M50: 143 | N50: D | O50: 80080 | P50: =O50/$O$3 -> 0.36689245 | Y50: =數據!B49 -> 沙奈朵 | Z50: =數據!C49 -> 超能力 | AA50: =數據!D49 -> 妖精 | AB50: =數據!P49 -> 24.07 | AD50: 巨金怪 | AE50: 蟲 | AF50: N | AG50: =AJ50 -> 214 | AH50: D | AI50: =AG50*IF(AH50="G", 450, IF(AH50="D", 350, 0)) * IF(AF50="Y", 1.2, 1)*(INDEX(屬性克制表!$B$2:$T$20, MATCH(AE50, 屬性克制表!$A$2:$A$20, 0), MATCH($L$1, 屬性克制表!$B$1:$T$1, 0)) * INDEX(屬性克制表!$B$2:$T$20, MATCH(AE50, 屬性克制表!$A$2:$A$20, 0), MATCH($M$1, 屬性克制表!$B$1:$T$1, 0))) -> 74900 | AJ50: =_xlfn.XLOOKUP(AD50, 數據!B$2:B$50, 數據!M$2:M$50) -> 214 | AK50: =Y50 -> 沙奈朵 | AL50: =AB50/(INDEX(屬性克制表!$B$2:$T$20, MATCH($A$1, 屬性克制表!$A$2:$A$20, 0), MATCH(Z50, 屬性克制表!$B$1:$T$1, 0)) * INDEX(屬性克制表!$B$2:$T$20, MATCH($A$1, 屬性克制表!$A$2:$A$20, 0), MATCH(AA50, 屬性克制表!$B$1:$T$1, 0))) -> 61.6192 | AM50: =Y50 -> 沙奈朵 | AN50: =AB50/(INDEX(屬性克制表!$B$2:$T$20, MATCH($C$1, 屬性克制表!$A$2:$A$20, 0), MATCH(Z50, 屬性克制表!$B$1:$T$1, 0)) * INDEX(屬性克制表!$B$2:$T$20, MATCH($C$1, 屬性克制表!$A$2:$A$20, 0), MATCH(AA50, 屬性克制表!$B$1:$T$1, 0))) -> 24.07 | AO50: =Y50 -> 沙奈朵 | AP50: =AB50/(INDEX(屬性克制表!$B$2:$T$20, MATCH($E$1, 屬性克制表!$A$2:$A$20, 0), MATCH(Z50, 屬性克制表!$B$1:$T$1, 0)) * INDEX(屬性克制表!$B$2:$T$20, MATCH($E$1, 屬性克制表!$A$2:$A$20, 0), MATCH(AA50, 屬性克制表!$B$1:$T$1, 0))) -> 24.07 | AQ50: =Y50 -> 沙奈朵 | AR50: =AB50/(INDEX(屬性克制表!$B$2:$T$20, MATCH($G$1, 屬性克制表!$A$2:$A$20, 0), MATCH(Z50, 屬性克制表!$B$1:$T$1, 0)) * INDEX(屬性克制表!$B$2:$T$20, MATCH($G$1, 屬性克制表!$A$2:$A$20, 0), MATCH(AA50, 屬性克制表!$B$1:$T$1, 0))) -> 24.07
A51: 高傲雉雞 | B51: 20.32 | C51: 多刺菊石獸 | D51: 15.91 | E51: 戰弦蠑螈 | F51: 18.634 | G51: 高傲雉雞 | H51: 20.32 | J51: 胡地 | K51: 格鬥 | L51: N | M51: 225 | N51: D | O51: 78750 | P51: =O51/$O$3 -> 0.36079895 | Y51: =數據!B50 -> 超級巨伊布 | Z51: =數據!C50 -> 一般 | AA51: =數據!D50 -> 無 | AB51: =數據!P50 -> 12.954 | AD51: 藏飽栗鼠 | AE51: 草 | AF51: N | AG51: =AJ51 -> 138 | AH51: D | AI51: =AG51*IF(AH51="G", 450, IF(AH51="D", 350, 0)) * IF(AF51="Y", 1.2, 1)*(INDEX(屬性克制表!$B$2:$T$20, MATCH(AE51, 屬性克制表!$A$2:$A$20, 0), MATCH($L$1, 屬性克制表!$B$1:$T$1, 0)) * INDEX(屬性克制表!$B$2:$T$20, MATCH(AE51, 屬性克制表!$A$2:$A$20, 0), MATCH($M$1, 屬性克制表!$B$1:$T$1, 0))) -> 30187.5 | AJ51: =_xlfn.XLOOKUP(AD51, 數據!B$2:B$50, 數據!M$2:M$50) -> 138 | AK51: =Y51 -> 超級巨伊布 | AL51: =AB51/(INDEX(屬性克制表!$B$2:$T$20, MATCH($A$1, 屬性克制表!$A$2:$A$20, 0), MATCH(Z51, 屬性克制表!$B$1:$T$1, 0)) * INDEX(屬性克制表!$B$2:$T$20, MATCH($A$1, 屬性克制表!$A$2:$A$20, 0), MATCH(AA51, 屬性克制表!$B$1:$T$1, 0))) -> 8.09625 | AM51: =Y51 -> 超級巨伊布 | AN51: =AB51/(INDEX(屬性克制表!$B$2:$T$20, MATCH($C$1, 屬性克制表!$A$2:$A$20, 0), MATCH(Z51, 屬性克制表!$B$1:$T$1, 0)) * INDEX(屬性克制表!$B$2:$T$20, MATCH($C$1, 屬性克制表!$A$2:$A$20, 0), MATCH(AA51, 屬性克制表!$B$1:$T$1, 0))) -> 12.954 | AO51: =Y51 -> 超級巨伊布 | AP51: =AB51/(INDEX(屬性克制表!$B$2:$T$20, MATCH($E$1, 屬性克制表!$A$2:$A$20, 0), MATCH(Z51, 屬性克制表!$B$1:$T$1, 0)) * INDEX(屬性克制表!$B$2:$T$20, MATCH($E$1, 屬性克制表!$A$2:$A$20, 0), MATCH(AA51, 屬性克制表!$B$1:$T$1, 0))) -> 12.954 | AQ51: =Y51 -> 超級巨伊布 | AR51: =AB51/(INDEX(屬性克制表!$B$2:$T$20, MATCH($G$1, 屬性克制表!$A$2:$A$20, 0), MATCH(Z51, 屬性克制表!$B$1:$T$1, 0)) * INDEX(屬性克制表!$B$2:$T$20, MATCH($G$1, 屬性克制表!$A$2:$A$20, 0), MATCH(AA51, 屬性克制表!$B$1:$T$1, 0))) -> 12.954
A52: 列陣兵 | B52: 19.591 | C52: 閃焰王牌 | D52: 15.225 | E52: 胡地 | F52: 18.288 | G52: 布莉姆溫 | H52: 19.84 | J52: 巴大蝶 | K52: 蟲 | L52: Y | M52: 143 | N52: G | O52: 77220 | P52: =O52/$O$3 -> 0.35378914 | Y52: =數據!B51 -> 水伊布 | Z52: =數據!C51 -> 水 | AA52: =數據!D51 -> 無 | AB52: =數據!P51 -> 31.97 | AD52: 毛毛角羊 | AE52: 格鬥 | AF52: N | AG52: =AJ52 -> 136 | AH52: D | AI52: =AG52*IF(AH52="G", 450, IF(AH52="D", 350, 0)) * IF(AF52="Y", 1.2, 1)*(INDEX(屬性克制表!$B$2:$T$20, MATCH(AE52, 屬性克制表!$A$2:$A$20, 0), MATCH($L$1, 屬性克制表!$B$1:$T$1, 0)) * INDEX(屬性克制表!$B$2:$T$20, MATCH(AE52, 屬性克制表!$A$2:$A$20, 0), MATCH($M$1, 屬性克制表!$B$1:$T$1, 0))) -> 47600 | AJ52: =_xlfn.XLOOKUP(AD52, 數據!B$2:B$50, 數據!M$2:M$50) -> 136 | AK52: =Y52 -> 水伊布 | AL52: =AB52/(INDEX(屬性克制表!$B$2:$T$20, MATCH($A$1, 屬性克制表!$A$2:$A$20, 0), MATCH(Z52, 屬性克制表!$B$1:$T$1, 0)) * INDEX(屬性克制表!$B$2:$T$20, MATCH($A$1, 屬性克制表!$A$2:$A$20, 0), MATCH(AA52, 屬性克制表!$B$1:$T$1, 0))) -> 31.97 | AM52: =Y52 -> 水伊布 | AN52: =AB52/(INDEX(屬性克制表!$B$2:$T$20, MATCH($C$1, 屬性克制表!$A$2:$A$20, 0), MATCH(Z52, 屬性克制表!$B$1:$T$1, 0)) * INDEX(屬性克制表!$B$2:$T$20, MATCH($C$1, 屬性克制表!$A$2:$A$20, 0), MATCH(AA52, 屬性克制表!$B$1:$T$1, 0))) -> 31.97 | AO52: =Y52 -> 水伊布 | AP52: =AB52/(INDEX(屬性克制表!$B$2:$T$20, MATCH($E$1, 屬性克制表!$A$2:$A$20, 0), MATCH(Z52, 屬性克制表!$B$1:$T$1, 0)) * INDEX(屬性克制表!$B$2:$T$20, MATCH($E$1, 屬性克制表!$A$2:$A$20, 0), MATCH(AA52, 屬性克制表!$B$1:$T$1, 0))) -> 51.152 | AQ52: =Y52 -> 水伊布 | AR52: =AB52/(INDEX(屬性克制表!$B$2:$T$20, MATCH($G$1, 屬性克制表!$A$2:$A$20, 0), MATCH(Z52, 屬性克制表!$B$1:$T$1, 0)) * INDEX(屬性克制表!$B$2:$T$20, MATCH($G$1, 屬性克制表!$A$2:$A$20, 0), MATCH(AA52, 屬性克制表!$B$1:$T$1, 0))) -> 31.97
A53: 巨鉗蟹 | B53: 19.431 | C53: 龍頭地鼠 | D53: 14.80625 | E53: 耿鬼 | F53: 18.224 | G53: 列陣兵 | H53: 19.591 | J53: 投擲猴 | K53: 格鬥 | L53: Y | M53: 181 | N53: D | O53: 76020 | P53: =O53/$O$3 -> 0.34829126 | Y53: =數據!B52 -> 雷伊布 | Z53: =數據!C52 -> 電 | AA53: =數據!D52 -> 無 | AB53: =數據!P52 -> 21.84 | AD53: 千面避役 | AE53: 水 | AF53: Y | AG53: =AJ53 -> 217 | AH53: G | AI53: =AG53*IF(AH53="G", 450, IF(AH53="D", 350, 0)) * IF(AF53="Y", 1.2, 1)*(INDEX(屬性克制表!$B$2:$T$20, MATCH(AE53, 屬性克制表!$A$2:$A$20, 0), MATCH($L$1, 屬性克制表!$B$1:$T$1, 0)) * INDEX(屬性克制表!$B$2:$T$20, MATCH(AE53, 屬性克制表!$A$2:$A$20, 0), MATCH($M$1, 屬性克制表!$B$1:$T$1, 0))) -> 73237.5 | AJ53: =_xlfn.XLOOKUP(AD53, 數據!B$2:B$50, 數據!M$2:M$50) -> 217 | AK53: =Y53 -> 雷伊布 | AL53: =AB53/(INDEX(屬性克制表!$B$2:$T$20, MATCH($A$1, 屬性克制表!$A$2:$A$20, 0), MATCH(Z53, 屬性克制表!$B$1:$T$1, 0)) * INDEX(屬性克制表!$B$2:$T$20, MATCH($A$1, 屬性克制表!$A$2:$A$20, 0), MATCH(AA53, 屬性克制表!$B$1:$T$1, 0))) -> 21.84 | AM53: =Y53 -> 雷伊布 | AN53: =AB53/(INDEX(屬性克制表!$B$2:$T$20, MATCH($C$1, 屬性克制表!$A$2:$A$20, 0), MATCH(Z53, 屬性克制表!$B$1:$T$1, 0)) * INDEX(屬性克制表!$B$2:$T$20, MATCH($C$1, 屬性克制表!$A$2:$A$20, 0), MATCH(AA53, 屬性克制表!$B$1:$T$1, 0))) -> 13.65 | AO53: =Y53 -> 雷伊布 | AP53: =AB53/(INDEX(屬性克制表!$B$2:$T$20, MATCH($E$1, 屬性克制表!$A$2:$A$20, 0), MATCH(Z53, 屬性克制表!$B$1:$T$1, 0)) * INDEX(屬性克制表!$B$2:$T$20, MATCH($E$1, 屬性克制表!$A$2:$A$20, 0), MATCH(AA53, 屬性克制表!$B$1:$T$1, 0))) -> 21.84 | AQ53: =Y53 -> 雷伊布 | AR53: =AB53/(INDEX(屬性克制表!$B$2:$T$20, MATCH($G$1, 屬性克制表!$A$2:$A$20, 0), MATCH(Z53, 屬性克制表!$B$1:$T$1, 0)) * INDEX(屬性克制表!$B$2:$T$20, MATCH($G$1, 屬性克制表!$A$2:$A$20, 0), MATCH(AA53, 屬性克制表!$B$1:$T$1, 0))) -> 21.84
A54: 狒狒達摩 | B54: 19.3 | C54: 炎帝 | D54: 14.72 | E54: 巴大蝶 | F54: 15.827 | G54: 巨鉗蟹 | H54: 19.431 | J54: 巨金怪 | K54: 蟲 | L54: N | M54: 214 | N54: D | O54: 74900 | P54: =O54/$O$3 -> 0.34315989 | Y54: =數據!B53 -> 火伊布 | Z54: =數據!C53 -> 火 | AA54: =數據!D53 -> 無 | AB54: =數據!P53 -> 21.42 | AD54: 巨鉗蟹 | AE54: 地面 | AF54: N | AG54: =AJ54 -> 198 | AH54: D | AI54: =AG54*IF(AH54="G", 450, IF(AH54="D", 350, 0)) * IF(AF54="Y", 1.2, 1)*(INDEX(屬性克制表!$B$2:$T$20, MATCH(AE54, 屬性克制表!$A$2:$A$20, 0), MATCH($L$1, 屬性克制表!$B$1:$T$1, 0)) * INDEX(屬性克制表!$B$2:$T$20, MATCH(AE54, 屬性克制表!$A$2:$A$20, 0), MATCH($M$1, 屬性克制表!$B$1:$T$1, 0))) -> 43312.5 | AJ54: =_xlfn.XLOOKUP(AD54, 數據!B$2:B$50, 數據!M$2:M$50) -> 198 | AK54: =Y54 -> 火伊布 | AL54: =AB54/(INDEX(屬性克制表!$B$2:$T$20, MATCH($A$1, 屬性克制表!$A$2:$A$20, 0), MATCH(Z54, 屬性克制表!$B$1:$T$1, 0)) * INDEX(屬性克制表!$B$2:$T$20, MATCH($A$1, 屬性克制表!$A$2:$A$20, 0), MATCH(AA54, 屬性克制表!$B$1:$T$1, 0))) -> 21.42 | AM54: =Y54 -> 火伊布 | AN54: =AB54/(INDEX(屬性克制表!$B$2:$T$20, MATCH($C$1, 屬性克制表!$A$2:$A$20, 0), MATCH(Z54, 屬性克制表!$B$1:$T$1, 0)) * INDEX(屬性克制表!$B$2:$T$20, MATCH($C$1, 屬性克制表!$A$2:$A$20, 0), MATCH(AA54, 屬性克制表!$B$1:$T$1, 0))) -> 13.3875 | AO54: =Y54 -> 火伊布 | AP54: =AB54/(INDEX(屬性克制表!$B$2:$T$20, MATCH($E$1, 屬性克制表!$A$2:$A$20, 0), MATCH(Z54, 屬性克制表!$B$1:$T$1, 0)) * INDEX(屬性克制表!$B$2:$T$20, MATCH($E$1, 屬性克制表!$A$2:$A$20, 0), MATCH(AA54, 屬性克制表!$B$1:$T$1, 0))) -> 13.3875 | AQ54: =Y54 -> 火伊布 | AR54: =AB54/(INDEX(屬性克制表!$B$2:$T$20, MATCH($G$1, 屬性克制表!$A$2:$A$20, 0), MATCH(Z54, 屬性克制表!$B$1:$T$1, 0)) * INDEX(屬性克制表!$B$2:$T$20, MATCH($G$1, 屬性克制表!$A$2:$A$20, 0), MATCH(AA54, 屬性克制表!$B$1:$T$1, 0))) -> 34.272
A55: 藏飽栗鼠 | B55: 18.309375 | C55: 鋁鋼龍 | D55: 14.51625 | E55: 閃焰王牌 | F55: 15.225 | G55: 胡地 | H55: 18.288 | J55: 巨金怪 | K55: 幽靈 | L55: N | M55: 214 | N55: D | O55: 74900 | P55: =O55/$O$3 -> 0.34315989 | Y55: =數據!B54 -> 太陽伊布 | Z55: =數據!C54 -> 超能力 | AA55: =數據!D54 -> 無 | AB55: =數據!P54 -> 21 | AD55: 巨鉗蟹 | AE55: 鋼 | AF55: N | AG55: =AJ55 -> 198 | AH55: D | AI55: =AG55*IF(AH55="G", 450, IF(AH55="D", 350, 0)) * IF(AF55="Y", 1.2, 1)*(INDEX(屬性克制表!$B$2:$T$20, MATCH(AE55, 屬性克制表!$A$2:$A$20, 0), MATCH($L$1, 屬性克制表!$B$1:$T$1, 0)) * INDEX(屬性克制表!$B$2:$T$20, MATCH(AE55, 屬性克制表!$A$2:$A$20, 0), MATCH($M$1, 屬性克制表!$B$1:$T$1, 0))) -> 69300 | AJ55: =_xlfn.XLOOKUP(AD55, 數據!B$2:B$50, 數據!M$2:M$50) -> 198 | AK55: =Y55 -> 太陽伊布 | AL55: =AB55/(INDEX(屬性克制表!$B$2:$T$20, MATCH($A$1, 屬性克制表!$A$2:$A$20, 0), MATCH(Z55, 屬性克制表!$B$1:$T$1, 0)) * INDEX(屬性克制表!$B$2:$T$20, MATCH($A$1, 屬性克制表!$A$2:$A$20, 0), MATCH(AA55, 屬性克制表!$B$1:$T$1, 0))) -> 33.6 | AM55: =Y55 -> 太陽伊布 | AN55: =AB55/(INDEX(屬性克制表!$B$2:$T$20, MATCH($C$1, 屬性克制表!$A$2:$A$20, 0), MATCH(Z55, 屬性克制表!$B$1:$T$1, 0)) * INDEX(屬性克制表!$B$2:$T$20, MATCH($C$1, 屬性克制表!$A$2:$A$20, 0), MATCH(AA55, 屬性克制表!$B$1:$T$1, 0))) -> 21 | AO55: =Y55 -> 太陽伊布 | AP55: =AB55/(INDEX(屬性克制表!$B$2:$T$20, MATCH($E$1, 屬性克制表!$A$2:$A$20, 0), MATCH(Z55, 屬性克制表!$B$1:$T$1, 0)) * INDEX(屬性克制表!$B$2:$T$20, MATCH($E$1, 屬性克制表!$A$2:$A$20, 0), MATCH(AA55, 屬性克制表!$B$1:$T$1, 0))) -> 21 | AQ55: =Y55 -> 太陽伊布 | AR55: =AB55/(INDEX(屬性克制表!$B$2:$T$20, MATCH($G$1, 屬性克制表!$A$2:$A$20, 0), MATCH(Z55, 屬性克制表!$B$1:$T$1, 0)) * INDEX(屬性克制表!$B$2:$T$20, MATCH($G$1, 屬性克制表!$A$2:$A$20, 0), MATCH(AA55, 屬性克制表!$B$1:$T$1, 0))) -> 21
A56: 千面避役 | B56: 18.081 | C56: 灰塵山 | D56: 14.175 | E56: 心蝙蝠 | F56: 15.158 | G56: 千面避役 | H56: 18.081 | J56: 千面避役 | K56: 水 | L56: Y | M56: 217 | N56: G | O56: 73237.5 | P56: =O56/$O$3 -> 0.33554303 | Y56: =數據!B55 -> 月亮伊布 | Z56: =數據!C55 -> 惡 | AA56: =數據!D55 -> 無 | AB56: =數據!P55 -> 36.764 | AD56: 怪力 | AE56: 鋼 | AF56: N | AG56: =AJ56 -> 201 | AH56: D | AI56: =AG56*IF(AH56="G", 450, IF(AH56="D", 350, 0)) * IF(AF56="Y", 1.2, 1)*(INDEX(屬性克制表!$B$2:$T$20, MATCH(AE56, 屬性克制表!$A$2:$A$20, 0), MATCH($L$1, 屬性克制表!$B$1:$T$1, 0)) * INDEX(屬性克制表!$B$2:$T$20, MATCH(AE56, 屬性克制表!$A$2:$A$20, 0), MATCH($M$1, 屬性克制表!$B$1:$T$1, 0))) -> 70350 | AJ56: =_xlfn.XLOOKUP(AD56, 數據!B$2:B$50, 數據!M$2:M$50) -> 201 | AK56: =Y56 -> 月亮伊布 | AL56: =AB56/(INDEX(屬性克制表!$B$2:$T$20, MATCH($A$1, 屬性克制表!$A$2:$A$20, 0), MATCH(Z56, 屬性克制表!$B$1:$T$1, 0)) * INDEX(屬性克制表!$B$2:$T$20, MATCH($A$1, 屬性克制表!$A$2:$A$20, 0), MATCH(AA56, 屬性克制表!$B$1:$T$1, 0))) -> 22.9775 | AM56: =Y56 -> 月亮伊布 | AN56: =AB56/(INDEX(屬性克制表!$B$2:$T$20, MATCH($C$1, 屬性克制表!$A$2:$A$20, 0), MATCH(Z56, 屬性克制表!$B$1:$T$1, 0)) * INDEX(屬性克制表!$B$2:$T$20, MATCH($C$1, 屬性克制表!$A$2:$A$20, 0), MATCH(AA56, 屬性克制表!$B$1:$T$1, 0))) -> 36.764 | AO56: =Y56 -> 月亮伊布 | AP56: =AB56/(INDEX(屬性克制表!$B$2:$T$20, MATCH($E$1, 屬性克制表!$A$2:$A$20, 0), MATCH(Z56, 屬性克制表!$B$1:$T$1, 0)) * INDEX(屬性克制表!$B$2:$T$20, MATCH($E$1, 屬性克制表!$A$2:$A$20, 0), MATCH(AA56, 屬性克制表!$B$1:$T$1, 0))) -> 36.764 | AQ56: =Y56 -> 月亮伊布 | AR56: =AB56/(INDEX(屬性克制表!$B$2:$T$20, MATCH($G$1, 屬性克制表!$A$2:$A$20, 0), MATCH(Z56, 屬性克制表!$B$1:$T$1, 0)) * INDEX(屬性克制表!$B$2:$T$20, MATCH($G$1, 屬性克制表!$A$2:$A$20, 0), MATCH(AA56, 屬性克制表!$B$1:$T$1, 0))) -> 22.9775
A57: 武道熊師(一) | B57: 17.625 | C57: 超極巨灰塵山 | D57: 14 | E57: 火焰鳥 | F57: 14.87375 | G57: 武道熊師(一) | H57: 17.625 | J57: 仙子伊布 | K57: 妖精 | L57: Y | M57: 172 | N57: D | O57: 72240 | P57: =O57/$O$3 -> 0.33097291 | Y57: =數據!B56 -> 葉伊布 | Z57: =數據!C56 -> 草 | AA57: =數據!D56 -> 無 | AB57: =數據!P56 -> 25.9 | AD57: 巨鉗蟹 | AE57: 水 | AF57: Y | AG57: =AJ57 -> 198 | AH57: G | AI57: =AG57*IF(AH57="G", 450, IF(AH57="D", 350, 0)) * IF(AF57="Y", 1.2, 1)*(INDEX(屬性克制表!$B$2:$T$20, MATCH(AE57, 屬性克制表!$A$2:$A$20, 0), MATCH($L$1, 屬性克制表!$B$1:$T$1, 0)) * INDEX(屬性克制表!$B$2:$T$20, MATCH(AE57, 屬性克制表!$A$2:$A$20, 0), MATCH($M$1, 屬性克制表!$B$1:$T$1, 0))) -> 66825 | AJ57: =_xlfn.XLOOKUP(AD57, 數據!B$2:B$50, 數據!M$2:M$50) -> 198 | AK57: =Y57 -> 葉伊布 | AL57: =AB57/(INDEX(屬性克制表!$B$2:$T$20, MATCH($A$1, 屬性克制表!$A$2:$A$20, 0), MATCH(Z57, 屬性克制表!$B$1:$T$1, 0)) * INDEX(屬性克制表!$B$2:$T$20, MATCH($A$1, 屬性克制表!$A$2:$A$20, 0), MATCH(AA57, 屬性克制表!$B$1:$T$1, 0))) -> 25.9 | AM57: =Y57 -> 葉伊布 | AN57: =AB57/(INDEX(屬性克制表!$B$2:$T$20, MATCH($C$1, 屬性克制表!$A$2:$A$20, 0), MATCH(Z57, 屬性克制表!$B$1:$T$1, 0)) * INDEX(屬性克制表!$B$2:$T$20, MATCH($C$1, 屬性克制表!$A$2:$A$20, 0), MATCH(AA57, 屬性克制表!$B$1:$T$1, 0))) -> 41.44 | AO57: =Y57 -> 葉伊布 | AP57: =AB57/(INDEX(屬性克制表!$B$2:$T$20, MATCH($E$1, 屬性克制表!$A$2:$A$20, 0), MATCH(Z57, 屬性克制表!$B$1:$T$1, 0)) * INDEX(屬性克制表!$B$2:$T$20, MATCH($E$1, 屬性克制表!$A$2:$A$20, 0), MATCH(AA57, 屬性克制表!$B$1:$T$1, 0))) -> 41.44 | AQ57: =Y57 -> 葉伊布 | AR57: =AB57/(INDEX(屬性克制表!$B$2:$T$20, MATCH($G$1, 屬性克制表!$A$2:$A$20, 0), MATCH(Z57, 屬性克制表!$B$1:$T$1, 0)) * INDEX(屬性克制表!$B$2:$T$20, MATCH($G$1, 屬性克制表!$A$2:$A$20, 0), MATCH(AA57, 屬性克制表!$B$1:$T$1, 0))) -> 25.9
A58: 幾何雪花 | B58: 16.435 | C58: 勾魂眼 | D58: 13.688 | E58: 龍頭地鼠 | F58: 14.80625 | G58: 拉帝歐斯 | H58: 17.38 | J58: 怪力 | K58: 鋼 | L58: N | M58: 201 | N58: D | O58: 70350 | P58: =O58/$O$3 -> 0.32231373 | Y58: =數據!B57 -> 冰伊布 | Z58: =數據!C57 -> 冰 | AA58: =數據!D57 -> 無 | AB58: =數據!P57 -> 24.36 | AD58: 高傲雉雞 | AE58: 鋼 | AF58: N | AG58: =AJ58 -> 188 | AH58: D | AI58: =AG58*IF(AH58="G", 450, IF(AH58="D", 350, 0)) * IF(AF58="Y", 1.2, 1)*(INDEX(屬性克制表!$B$2:$T$20, MATCH(AE58, 屬性克制表!$A$2:$A$20, 0), MATCH($L$1, 屬性克制表!$B$1:$T$1, 0)) * INDEX(屬性克制表!$B$2:$T$20, MATCH(AE58, 屬性克制表!$A$2:$A$20, 0), MATCH($M$1, 屬性克制表!$B$1:$T$1, 0))) -> 65800 | AJ58: =_xlfn.XLOOKUP(AD58, 數據!B$2:B$50, 數據!M$2:M$50) -> 188 | AK58: =Y58 -> 冰伊布 | AL58: =AB58/(INDEX(屬性克制表!$B$2:$T$20, MATCH($A$1, 屬性克制表!$A$2:$A$20, 0), MATCH(Z58, 屬性克制表!$B$1:$T$1, 0)) * INDEX(屬性克制表!$B$2:$T$20, MATCH($A$1, 屬性克制表!$A$2:$A$20, 0), MATCH(AA58, 屬性克制表!$B$1:$T$1, 0))) -> 15.225 | AM58: =Y58 -> 冰伊布 | AN58: =AB58/(INDEX(屬性克制表!$B$2:$T$20, MATCH($C$1, 屬性克制表!$A$2:$A$20, 0), MATCH(Z58, 屬性克制表!$B$1:$T$1, 0)) * INDEX(屬性克制表!$B$2:$T$20, MATCH($C$1, 屬性克制表!$A$2:$A$20, 0), MATCH(AA58, 屬性克制表!$B$1:$T$1, 0))) -> 24.36 | AO58: =Y58 -> 冰伊布 | AP58: =AB58/(INDEX(屬性克制表!$B$2:$T$20, MATCH($E$1, 屬性克制表!$A$2:$A$20, 0), MATCH(Z58, 屬性克制表!$B$1:$T$1, 0)) * INDEX(屬性克制表!$B$2:$T$20, MATCH($E$1, 屬性克制表!$A$2:$A$20, 0), MATCH(AA58, 屬性克制表!$B$1:$T$1, 0))) -> 24.36 | AQ58: =Y58 -> 冰伊布 | AR58: =AB58/(INDEX(屬性克制表!$B$2:$T$20, MATCH($G$1, 屬性克制表!$A$2:$A$20, 0), MATCH(Z58, 屬性克制表!$B$1:$T$1, 0)) * INDEX(屬性克制表!$B$2:$T$20, MATCH($G$1, 屬性克制表!$A$2:$A$20, 0), MATCH(AA58, 屬性克制表!$B$1:$T$1, 0))) -> 24.36
A59: 多刺菊石獸 | B59: 15.91 | C59: 雷伊布 | D59: 13.65 | E59: 炎帝 | F59: 14.72 | G59: 巴大蝶 | H59: 15.827 | J59: 鋁鋼龍 | K59: 一般 | L59: N | M59: 201 | N59: D | O59: 70350 | P59: =O59/$O$3 -> 0.32231373 | Y59: =數據!B58 -> 仙子伊布 | Z59: =數據!C58 -> 妖精 | AA59: =數據!D58 -> 無 | AB59: =數據!P58 -> 31.486 | AD59: 噴火龍 | AE59: 龍 | AF59: N | AG59: =AJ59 -> 187 | AH59: D | AI59: =AG59*IF(AH59="G", 450, IF(AH59="D", 350, 0)) * IF(AF59="Y", 1.2, 1)*(INDEX(屬性克制表!$B$2:$T$20, MATCH(AE59, 屬性克制表!$A$2:$A$20, 0), MATCH($L$1, 屬性克制表!$B$1:$T$1, 0)) * INDEX(屬性克制表!$B$2:$T$20, MATCH(AE59, 屬性克制表!$A$2:$A$20, 0), MATCH($M$1, 屬性克制表!$B$1:$T$1, 0))) -> 65450 | AJ59: =_xlfn.XLOOKUP(AD59, 數據!B$2:B$50, 數據!M$2:M$50) -> 187 | AK59: =Y59 -> 仙子伊布 | AL59: =AB59/(INDEX(屬性克制表!$B$2:$T$20, MATCH($A$1, 屬性克制表!$A$2:$A$20, 0), MATCH(Z59, 屬性克制表!$B$1:$T$1, 0)) * INDEX(屬性克制表!$B$2:$T$20, MATCH($A$1, 屬性克制表!$A$2:$A$20, 0), MATCH(AA59, 屬性克制表!$B$1:$T$1, 0))) -> 50.3776 | AM59: =Y59 -> 仙子伊布 | AN59: =AB59/(INDEX(屬性克制表!$B$2:$T$20, MATCH($C$1, 屬性克制表!$A$2:$A$20, 0), MATCH(Z59, 屬性克制表!$B$1:$T$1, 0)) * INDEX(屬性克制表!$B$2:$T$20, MATCH($C$1, 屬性克制表!$A$2:$A$20, 0), MATCH(AA59, 屬性克制表!$B$1:$T$1, 0))) -> 31.486 | AO59: =Y59 -> 仙子伊布 | AP59: =AB59/(INDEX(屬性克制表!$B$2:$T$20, MATCH($E$1, 屬性克制表!$A$2:$A$20, 0), MATCH(Z59, 屬性克制表!$B$1:$T$1, 0)) * INDEX(屬性克制表!$B$2:$T$20, MATCH($E$1, 屬性克制表!$A$2:$A$20, 0), MATCH(AA59, 屬性克制表!$B$1:$T$1, 0))) -> 31.486 | AQ59: =Y59 -> 仙子伊布 | AR59: =AB59/(INDEX(屬性克制表!$B$2:$T$20, MATCH($G$1, 屬性克制表!$A$2:$A$20, 0), MATCH(Z59, 屬性克制表!$B$1:$T$1, 0)) * INDEX(屬性克制表!$B$2:$T$20, MATCH($G$1, 屬性克制表!$A$2:$A$20, 0), MATCH(AA59, 屬性克制表!$B$1:$T$1, 0))) -> 31.486
A60: 毛毛角羊 | B60: 15.551875 | C60: 火伊布 | D60: 13.3875 | E60: 噴火龍 | F60: 14.1375 | G60: 心蝙蝠 | H60: 15.158 | J60: 艾路雷朵 | K60: 妖精 | L60: N | M60: 199 | N60: D | O60: 69650 | P60: =O60/$O$3 -> 0.31910663 | Y60: =數據!B59 -> 艾路雷朵 | Z60: =數據!C59 -> 超能力 | AA60: =數據!D59 -> 格鬥 | AB60: =數據!P59 -> 24.07 | AD60: 鐮刀盔 | AE60: 地面 | AF60: N | AG60: =AJ60 -> 185 | AH60: D | AI60: =AG60*IF(AH60="G", 450, IF(AH60="D", 350, 0)) * IF(AF60="Y", 1.2, 1)*(INDEX(屬性克制表!$B$2:$T$20, MATCH(AE60, 屬性克制表!$A$2:$A$20, 0), MATCH($L$1, 屬性克制表!$B$1:$T$1, 0)) * INDEX(屬性克制表!$B$2:$T$20, MATCH(AE60, 屬性克制表!$A$2:$A$20, 0), MATCH($M$1, 屬性克制表!$B$1:$T$1, 0))) -> 40468.75 | AJ60: =_xlfn.XLOOKUP(AD60, 數據!B$2:B$50, 數據!M$2:M$50) -> 185 | AK60: =Y60 -> 艾路雷朵 | AL60: =AB60/(INDEX(屬性克制表!$B$2:$T$20, MATCH($A$1, 屬性克制表!$A$2:$A$20, 0), MATCH(Z60, 屬性克制表!$B$1:$T$1, 0)) * INDEX(屬性克制表!$B$2:$T$20, MATCH($A$1, 屬性克制表!$A$2:$A$20, 0), MATCH(AA60, 屬性克制表!$B$1:$T$1, 0))) -> 38.512 | AM60: =Y60 -> 艾路雷朵 | AN60: =AB60/(INDEX(屬性克制表!$B$2:$T$20, MATCH($C$1, 屬性克制表!$A$2:$A$20, 0), MATCH(Z60, 屬性克制表!$B$1:$T$1, 0)) * INDEX(屬性克制表!$B$2:$T$20, MATCH($C$1, 屬性克制表!$A$2:$A$20, 0), MATCH(AA60, 屬性克制表!$B$1:$T$1, 0))) -> 24.07 | AO60: =Y60 -> 艾路雷朵 | AP60: =AB60/(INDEX(屬性克制表!$B$2:$T$20, MATCH($E$1, 屬性克制表!$A$2:$A$20, 0), MATCH(Z60, 屬性克制表!$B$1:$T$1, 0)) * INDEX(屬性克制表!$B$2:$T$20, MATCH($E$1, 屬性克制表!$A$2:$A$20, 0), MATCH(AA60, 屬性克制表!$B$1:$T$1, 0))) -> 24.07 | AQ60: =Y60 -> 艾路雷朵 | AR60: =AB60/(INDEX(屬性克制表!$B$2:$T$20, MATCH($G$1, 屬性克制表!$A$2:$A$20, 0), MATCH(Z60, 屬性克制表!$B$1:$T$1, 0)) * INDEX(屬性克制表!$B$2:$T$20, MATCH($G$1, 屬性克制表!$A$2:$A$20, 0), MATCH(AA60, 屬性克制表!$B$1:$T$1, 0))) -> 24.07
A61: 冰伊布 | B61: 15.225 | C61: 超級巨伊布 | D61: 12.954 | E61: 勾魂眼 | F61: 13.688 | G61: 烏賊王 | H61: 14.99875 | J61: 巨鉗蟹 | K61: 鋼 | L61: N | M61: 198 | N61: D | O61: 69300 | P61: =O61/$O$3 -> 0.31750308 | Y61: =數據!B60 -> 烏賊王 | Z61: =數據!C60 -> 惡 | AA61: =數據!D60 -> 超能力 | AB61: =數據!P60 -> 23.998 | AD61: 鐮刀盔 | AE61: 蟲 | AF61: N | AG61: =AJ61 -> 185 | AH61: D | AI61: =AG61*IF(AH61="G", 450, IF(AH61="D", 350, 0)) * IF(AF61="Y", 1.2, 1)*(INDEX(屬性克制表!$B$2:$T$20, MATCH(AE61, 屬性克制表!$A$2:$A$20, 0), MATCH($L$1, 屬性克制表!$B$1:$T$1, 0)) * INDEX(屬性克制表!$B$2:$T$20, MATCH(AE61, 屬性克制表!$A$2:$A$20, 0), MATCH($M$1, 屬性克制表!$B$1:$T$1, 0))) -> 64750 | AJ61: =_xlfn.XLOOKUP(AD61, 數據!B$2:B$50, 數據!M$2:M$50) -> 185 | AK61: =Y61 -> 烏賊王 | AL61: =AB61/(INDEX(屬性克制表!$B$2:$T$20, MATCH($A$1, 屬性克制表!$A$2:$A$20, 0), MATCH(Z61, 屬性克制表!$B$1:$T$1, 0)) * INDEX(屬性克制表!$B$2:$T$20, MATCH($A$1, 屬性克制表!$A$2:$A$20, 0), MATCH(AA61, 屬性克制表!$B$1:$T$1, 0))) -> 23.998 | AM61: =Y61 -> 烏賊王 | AN61: =AB61/(INDEX(屬性克制表!$B$2:$T$20, MATCH($C$1, 屬性克制表!$A$2:$A$20, 0), MATCH(Z61, 屬性克制表!$B$1:$T$1, 0)) * INDEX(屬性克制表!$B$2:$T$20, MATCH($C$1, 屬性克制表!$A$2:$A$20, 0), MATCH(AA61, 屬性克制表!$B$1:$T$1, 0))) -> 23.998 | AO61: =Y61 -> 烏賊王 | AP61: =AB61/(INDEX(屬性克制表!$B$2:$T$20, MATCH($E$1, 屬性克制表!$A$2:$A$20, 0), MATCH(Z61, 屬性克制表!$B$1:$T$1, 0)) * INDEX(屬性克制表!$B$2:$T$20, MATCH($E$1, 屬性克制表!$A$2:$A$20, 0), MATCH(AA61, 屬性克制表!$B$1:$T$1, 0))) -> 23.998 | AQ61: =Y61 -> 烏賊王 | AR61: =AB61/(INDEX(屬性克制表!$B$2:$T$20, MATCH($G$1, 屬性克制表!$A$2:$A$20, 0), MATCH(Z61, 屬性克制表!$B$1:$T$1, 0)) * INDEX(屬性克制表!$B$2:$T$20, MATCH($G$1, 屬性克制表!$A$2:$A$20, 0), MATCH(AA61, 屬性克制表!$B$1:$T$1, 0))) -> 14.99875
... A64: 超級巨伊布 | B64: 8.09625 | C64: 戰弦蠑螈 | D64: 7.2789062 | E64: 狒狒達摩 | F64: 12.0625 | G64: 勾魂眼 | H64: 8.555 | J64: 巨鉗蟹 | K64: 水 | L64: Y | M64: 198 | N64: G | O64: 66825 | P64: =O64/$O$3 -> 0.30616368 | Y64: =數據!B63 -> 洛奇亞 | Z64: =數據!C63 -> 超能力 | AA64: =數據!D63 -> 飛行 | AB64: =數據!P63 -> 50.629 | AD64: 鋼鎧鴉 | AE64: 飛行 | AF64: Y | AG64: =AJ64 -> 140 | AH64: D | AI64: =AG64*IF(AH64="G", 450, IF(AH64="D", 350, 0)) * IF(AF64="Y", 1.2, 1)*(INDEX(屬性克制表!$B$2:$T$20, MATCH(AE64, 屬性克制表!$A$2:$A$20, 0), MATCH($L$1, 屬性克制表!$B$1:$T$1, 0)) * INDEX(屬性克制表!$B$2:$T$20, MATCH(AE64, 屬性克制表!$A$2:$A$20, 0), MATCH($M$1, 屬性克制表!$B$1:$T$1, 0))) -> 150528 | AJ64: =_xlfn.XLOOKUP(AD64, 數據!B$2:B$50, 數據!M$2:M$50) -> 140 | AK64: =Y64 -> 洛奇亞 | AL64: =AB64/(INDEX(屬性克制表!$B$2:$T$20, MATCH($A$1, 屬性克制表!$A$2:$A$20, 0), MATCH(Z64, 屬性克制表!$B$1:$T$1, 0)) * INDEX(屬性克制表!$B$2:$T$20, MATCH($A$1, 屬性克制表!$A$2:$A$20, 0), MATCH(AA64, 屬性克制表!$B$1:$T$1, 0))) -> 129.61024 | AM64: =Y64 -> 洛奇亞 | AN64: =AB64/(INDEX(屬性克制表!$B$2:$T$20, MATCH($C$1, 屬性克制表!$A$2:$A$20, 0), MATCH(Z64, 屬性克制表!$B$1:$T$1, 0)) * INDEX(屬性克制表!$B$2:$T$20, MATCH($C$1, 屬性克制表!$A$2:$A$20, 0), MATCH(AA64, 屬性克制表!$B$1:$T$1, 0))) -> 129.48593 | AO64: =Y64 -> 洛奇亞 | AP64: =AB64/(INDEX(屬性克制表!$B$2:$T$20, MATCH($E$1, 屬性克制表!$A$2:$A$20, 0), MATCH(Z64, 屬性克制表!$B$1:$T$1, 0)) * INDEX(屬性克制表!$B$2:$T$20, MATCH($E$1, 屬性克制表!$A$2:$A$20, 0), MATCH(AA64, 屬性克制表!$B$1:$T$1, 0))) -> 50.629 | AQ64: =Y64 -> 洛奇亞 | AR64: =AB64/(INDEX(屬性克制表!$B$2:$T$20, MATCH($G$1, 屬性克制表!$A$2:$A$20, 0), MATCH(Z64, 屬性克制表!$B$1:$T$1, 0)) * INDEX(屬性克制表!$B$2:$T$20, MATCH($G$1, 屬性克制表!$A$2:$A$20, 0), MATCH(AA64, 屬性克制表!$B$1:$T$1, 0))) -> 50.629
A65: 0 | B65: 0 | C65: 0 | D65: 0 | E65: 0 | F65: 0 | G65: 0 | H65: 0 | J65: 拉帝亞斯 | K65: 龍 | L65: Y | M65: 158 | N65: D | O65: 66360 | P65: =O65/$O$3 -> 0.30403325 | Y65: =數據!B64 -> 0 | Z65: =數據!C64 -> 0 | AA65: =數據!D64 -> 0 | AB65: =數據!P64 -> 0 | AD65: 鋼鎧鴉 | AE65: 鋼 | AF65: Y | AG65: =AJ65 -> 140 | AH65: D | AI65: =AG65*IF(AH65="G", 450, IF(AH65="D", 350, 0)) * IF(AF65="Y", 1.2, 1)*(INDEX(屬性克制表!$B$2:$T$20, MATCH(AE65, 屬性克制表!$A$2:$A$20, 0), MATCH($L$1, 屬性克制表!$B$1:$T$1, 0)) * INDEX(屬性克制表!$B$2:$T$20, MATCH(AE65, 屬性克制表!$A$2:$A$20, 0), MATCH($M$1, 屬性克制表!$B$1:$T$1, 0))) -> 58800 | AJ65: =_xlfn.XLOOKUP(AD65, 數據!B$2:B$50, 數據!M$2:M$50) -> 140 | AK65: =Y65 -> 0 | AM65: =Y65 -> 0 | AO65: =Y65 -> 0 | AQ65: =Y65 -> 0
J66: 高傲雉雞 | K66: 鋼 | L66: N | M66: 188 | N66: D | O66: 65800 | P66: =O66/$O$3 -> 0.30146757 | Y66: =數據!B65 -> 0 | Z66: =數據!C65 -> 0 | AA66: =數據!D65 -> 0 | AB66: =數據!P65 -> 0 | AD66: 武道熊師(連) | AE66: 水 | AF66: Y | AG66: =AJ66 -> 210 | AH66: D | AI66: =AG66*IF(AH66="G", 450, IF(AH66="D", 350, 0)) * IF(AF66="Y", 1.2, 1)*(INDEX(屬性克制表!$B$2:$T$20, MATCH(AE66, 屬性克制表!$A$2:$A$20, 0), MATCH($L$1, 屬性克制表!$B$1:$T$1, 0)) * INDEX(屬性克制表!$B$2:$T$20, MATCH(AE66, 屬性克制表!$A$2:$A$20, 0), MATCH($M$1, 屬性克制表!$B$1:$T$1, 0))) -> 55125 | AJ66: =_xlfn.XLOOKUP(AD66, 數據!B$2:B$50, 數據!M$2:M$50) -> 210 | AK66: =Y66 -> 0 | AM66: =Y66 -> 0 | AO66: =Y66 -> 0 | AQ66: =Y66 -> 0
J67: 噴火龍 | K67: 龍 | L67: N | M67: 187 | N67: D | O67: 65450 | P67: =O67/$O$3 -> 0.29986402 | AD67: 灰塵山 | AE67: 蟲 | AF67: N | AG67: =AJ67 -> 153 | AH67: D | AI67: =AG67*IF(AH67="G", 450, IF(AH67="D", 350, 0)) * IF(AF67="Y", 1.2, 1)*(INDEX(屬性克制表!$B$2:$T$20, MATCH(AE67, 屬性克制表!$A$2:$A$20, 0), MATCH($L$1, 屬性克制表!$B$1:$T$1, 0)) * INDEX(屬性克制表!$B$2:$T$20, MATCH(AE67, 屬性克制表!$A$2:$A$20, 0), MATCH($M$1, 屬性克制表!$B$1:$T$1, 0))) -> 53550 | AJ67: =_xlfn.XLOOKUP(AD67, 數據!B$2:B$50, 數據!M$2:M$50) -> 153
J68: 甜冷美后 | K68: 妖精 | L68: N | M68: 187 | N68: D | O68: 65450 | P68: =O68/$O$3 -> 0.29986402 | AD68: 吼鯨王 | AE68: 超能力 | AF68: N | AG68: =AJ68 -> 147 | AH68: D | AI68: =AG68*IF(AH68="G", 450, IF(AH68="D", 350, 0)) * IF(AF68="Y", 1.2, 1)*(INDEX(屬性克制表!$B$2:$T$20, MATCH(AE68, 屬性克制表!$A$2:$A$20, 0), MATCH($L$1, 屬性克制表!$B$1:$T$1, 0)) * INDEX(屬性克制表!$B$2:$T$20, MATCH(AE68, 屬性克制表!$A$2:$A$20, 0), MATCH($M$1, 屬性克制表!$B$1:$T$1, 0))) -> 82320 | AJ68: =_xlfn.XLOOKUP(AD68, 數據!B$2:B$50, 數據!M$2:M$50) -> 147
J69: 鐮刀盔 | K69: 格鬥 | L69: N | M69: 185 | N69: D | O69: 64750 | P69: =O69/$O$3 -> 0.29665692 | AD69: 水箭龜 | AE69: 惡 | AF69: N | AG69: =AJ69 -> 145 | AH69: D | AI69: =AG69*IF(AH69="G", 450, IF(AH69="D", 350, 0)) * IF(AF69="Y", 1.2, 1)*(INDEX(屬性克制表!$B$2:$T$20, MATCH(AE69, 屬性克制表!$A$2:$A$20, 0), MATCH($L$1, 屬性克制表!$B$1:$T$1, 0)) * INDEX(屬性克制表!$B$2:$T$20, MATCH(AE69, 屬性克制表!$A$2:$A$20, 0), MATCH($M$1, 屬性克制表!$B$1:$T$1, 0))) -> 31718.75 | AJ69: =_xlfn.XLOOKUP(AD69, 數據!B$2:B$50, 數據!M$2:M$50) -> 145
J70: 鐮刀盔 | K70: 蟲 | L70: N | M70: 185 | N70: D | O70: 64750 | P70: =O70/$O$3 -> 0.29665692 | AD70: 勾魂眼 | AE70: 幽靈 | AF70: Y | AG70: =AJ70 -> 121 | AH70: D | AI70: =AG70*IF(AH70="G", 450, IF(AH70="D", 350, 0)) * IF(AF70="Y", 1.2, 1)*(INDEX(屬性克制表!$B$2:$T$20, MATCH(AE70, 屬性克制表!$A$2:$A$20, 0), MATCH($L$1, 屬性克制表!$B$1:$T$1, 0)) * INDEX(屬性克制表!$B$2:$T$20, MATCH(AE70, 屬性克制表!$A$2:$A$20, 0), MATCH($M$1, 屬性克制表!$B$1:$T$1, 0))) -> 50820 | AJ70: =_xlfn.XLOOKUP(AD70, 數據!B$2:B$50, 數據!M$2:M$50) -> 121
J71: 戰弦蠑螈 | K71: 電 | L71: Y | M71: 188 | N71: G | O71: 63450 | P71: =O71/$O$3 -> 0.29070087 | AD71: 勾魂眼 | AE71: 惡 | AF71: Y | AG71: =AJ71 -> 121 | AH71: D | AI71: =AG71*IF(AH71="G", 450, IF(AH71="D", 350, 0)) * IF(AF71="Y", 1.2, 1)*(INDEX(屬性克制表!$B$2:$T$20, MATCH(AE71, 屬性克制表!$A$2:$A$20, 0), MATCH($L$1, 屬性克制表!$B$1:$T$1, 0)) * INDEX(屬性克制表!$B$2:$T$20, MATCH(AE71, 屬性克制表!$A$2:$A$20, 0), MATCH($M$1, 屬性克制表!$B$1:$T$1, 0))) -> 31762.5 | AJ71: =_xlfn.XLOOKUP(AD71, 數據!B$2:B$50, 數據!M$2:M$50) -> 121
J72: 幸福蛋 | K72: 超能力 | L72: N | M72: 113 | N72: D | O72: 63280 | P72: =O72/$O$3 -> 0.289922 | AD72: 巴大蝶 | AE72: 超能力 | AF72: N | AG72: =AJ72 -> 143 | AH72: D | AI72: =AG72*IF(AH72="G", 450, IF(AH72="D", 350, 0)) * IF(AF72="Y", 1.2, 1)*(INDEX(屬性克制表!$B$2:$T$20, MATCH(AE72, 屬性克制表!$A$2:$A$20, 0), MATCH($L$1, 屬性克制表!$B$1:$T$1, 0)) * INDEX(屬性克制表!$B$2:$T$20, MATCH(AE72, 屬性克制表!$A$2:$A$20, 0), MATCH($M$1, 屬性克制表!$B$1:$T$1, 0))) -> 80080 | AJ72: =_xlfn.XLOOKUP(AD72, 數據!B$2:B$50, 數據!M$2:M$50) -> 143
J73: 巴大蝶 | K73: 蟲 | L73: Y | M73: 143 | N73: D | O73: 60060 | P73: =O73/$O$3 -> 0.27516933 | AD73: 鐮刀盔 | AE73: 水 | AF73: Y | AG73: =AJ73 -> 185 | AH73: D | AI73: =AG73*IF(AH73="G", 450, IF(AH73="D", 350, 0)) * IF(AF73="Y", 1.2, 1)*(INDEX(屬性克制表!$B$2:$T$20, MATCH(AE73, 屬性克制表!$A$2:$A$20, 0), MATCH($L$1, 屬性克制表!$B$1:$T$1, 0)) * INDEX(屬性克制表!$B$2:$T$20, MATCH(AE73, 屬性克制表!$A$2:$A$20, 0), MATCH($M$1, 屬性克制表!$B$1:$T$1, 0))) -> 48562.5 | AJ73: =_xlfn.XLOOKUP(AD73, 數據!B$2:B$50, 數據!M$2:M$50) -> 185
J74: 鋼鎧鴉 | K74: 鋼 | L74: Y | M74: 140 | N74: D | O74: 58800 | P74: =O74/$O$3 -> 0.26939655 | AD74: 水箭龜 | AE74: 水 | AF74: Y | AG74: =AJ74 -> 145 | AH74: G | AI74: =AG74*IF(AH74="G", 450, IF(AH74="D", 350, 0)) * IF(AF74="Y", 1.2, 1)*(INDEX(屬性克制表!$B$2:$T$20, MATCH(AE74, 屬性克制表!$A$2:$A$20, 0), MATCH($L$1, 屬性克制表!$B$1:$T$1, 0)) * INDEX(屬性克制表!$B$2:$T$20, MATCH(AE74, 屬性克制表!$A$2:$A$20, 0), MATCH($M$1, 屬性克制表!$B$1:$T$1, 0))) -> 48937.5 | AJ74: =_xlfn.XLOOKUP(AD74, 數據!B$2:B$50, 數據!M$2:M$50) -> 145
J75: 洛奇亞 | K75: 龍 | L75: N | M75: 164 | N75: D | O75: 57400 | P75: =O75/$O$3 -> 0.26298235 | AD75: 鋼鎧鴉 | AE75: 地面 | AF75: N | AG75: =AJ75 -> 140 | AH75: D | AI75: =AG75*IF(AH75="G", 450, IF(AH75="D", 350, 0)) * IF(AF75="Y", 1.2, 1)*(INDEX(屬性克制表!$B$2:$T$20, MATCH(AE75, 屬性克制表!$A$2:$A$20, 0), MATCH($L$1, 屬性克制表!$B$1:$T$1, 0)) * INDEX(屬性克制表!$B$2:$T$20, MATCH(AE75, 屬性克制表!$A$2:$A$20, 0), MATCH($M$1, 屬性克制表!$B$1:$T$1, 0))) -> 30625 | AJ75: =_xlfn.XLOOKUP(AD75, 數據!B$2:B$50, 數據!M$2:M$50) -> 140
J76: 龍頭地鼠 | K76: 地面 | L76: Y | M76: 217 | N76: D | O76: 56962.5 | P76: =O76/$O$3 -> 0.26097791 | AD76: 藏飽栗鼠 | AE76: 地面 | AF76: N | AG76: =AJ76 -> 138 | AH76: D | AI76: =AG76*IF(AH76="G", 450, IF(AH76="D", 350, 0)) * IF(AF76="Y", 1.2, 1)*(INDEX(屬性克制表!$B$2:$T$20, MATCH(AE76, 屬性克制表!$A$2:$A$20, 0), MATCH($L$1, 屬性克制表!$B$1:$T$1, 0)) * INDEX(屬性克制表!$B$2:$T$20, MATCH(AE76, 屬性克制表!$A$2:$A$20, 0), MATCH($M$1, 屬性克制表!$B$1:$T$1, 0))) -> 30187.5 | AJ76: =_xlfn.XLOOKUP(AD76, 數據!B$2:B$50, 數據!M$2:M$50) -> 138
J77: 武道熊師(一) | K77: 惡 | L77: Y | M77: 210 | N77: D | O77: 55125 | P77: =O77/$O$3 -> 0.25255927 | AD77: 藏飽栗鼠 | AE77: 惡 | AF77: N | AG77: =AJ77 -> 138 | AH77: D | AI77: =AG77*IF(AH77="G", 450, IF(AH77="D", 350, 0)) * IF(AF77="Y", 1.2, 1)*(INDEX(屬性克制表!$B$2:$T$20, MATCH(AE77, 屬性克制表!$A$2:$A$20, 0), MATCH($L$1, 屬性克制表!$B$1:$T$1, 0)) * INDEX(屬性克制表!$B$2:$T$20, MATCH(AE77, 屬性克制表!$A$2:$A$20, 0), MATCH($M$1, 屬性克制表!$B$1:$T$1, 0))) -> 30187.5 | AJ77: =_xlfn.XLOOKUP(AD77, 數據!B$2:B$50, 數據!M$2:M$50) -> 138
J78: 武道熊師(連) | K78: 水 | L78: Y | M78: 210 | N78: D | O78: 55125 | P78: =O78/$O$3 -> 0.25255927 | AD78: 多刺菊石獸 | AE78: 水 | AF78: Y | AG78: =AJ78 -> 177 | AH78: D | AI78: =AG78*IF(AH78="G", 450, IF(AH78="D", 350, 0)) * IF(AF78="Y", 1.2, 1)*(INDEX(屬性克制表!$B$2:$T$20, MATCH(AE78, 屬性克制表!$A$2:$A$20, 0), MATCH($L$1, 屬性克制表!$B$1:$T$1, 0)) * INDEX(屬性克制表!$B$2:$T$20, MATCH(AE78, 屬性克制表!$A$2:$A$20, 0), MATCH($M$1, 屬性克制表!$B$1:$T$1, 0))) -> 46462.5 | AJ78: =_xlfn.XLOOKUP(AD78, 數據!B$2:B$50, 數據!M$2:M$50) -> 177
... J100: 妙蛙花 | K100: 草 | L100: Y | M100: 159 | N100: D | O100: 41737.5 | P100: =O100/$O$3 -> 0.19122345 | AD100: 超級巨伊布 | AE100: 一般 | AF100: Y | AG100: =AJ100 -> 94 | AH100: G | AI100: =AG100*IF(AH100="G", 450, IF(AH100="D", 350, 0)) * IF(AF100="Y", 1.2, 1)*(INDEX(屬性克制表!$B$2:$T$20, MATCH(AE100, 屬性克制表!$A$2:$A$20, 0), MATCH($L$1, 屬性克制表!$B$1:$T$1, 0)) * INDEX(屬性克制表!$B$2:$T$20, MATCH(AE100, 屬性克制表!$A$2:$A$20, 0), MATCH($M$1, 屬性克制表!$B$1:$T$1, 0))) -> 50760 | AJ100: =_xlfn.XLOOKUP(AD100, 數據!B$2:B$50, 數據!M$2:M$50) -> 94
J101: 鐮刀盔 | K101: 地面 | L101: N | M101: 185 | N101: D | O101: 40468.75 | P101: =O101/$O$3 -> 0.18541057 | AD101: 水伊布 | AE101: 水 | AF101: Y | AG101: =AJ101 -> 174 | AH101: D | AI101: =AG101*IF(AH101="G", 450, IF(AH101="D", 350, 0)) * IF(AF101="Y", 1.2, 1)*(INDEX(屬性克制表!$B$2:$T$20, MATCH(AE101, 屬性克制表!$A$2:$A$20, 0), MATCH($L$1, 屬性克制表!$B$1:$T$1, 0)) * INDEX(屬性克制表!$B$2:$T$20, MATCH(AE101, 屬性克制表!$A$2:$A$20, 0), MATCH($M$1, 屬性克制表!$B$1:$T$1, 0))) -> 45675 | AJ101: =_xlfn.XLOOKUP(AD101, 數據!B$2:B$60, 數據!M$2:M$60) -> 174
J102: 多刺菊石獸 | K102: 地面 | L102: N | M102: 177 | N102: D | O102: 38718.75 | P102: =O102/$O$3 -> 0.17739282 | AD102: 雷伊布 | AE102: 電 | AF102: Y | AG102: =AJ102 -> 195 | AH102: D | AI102: =AG102*IF(AH102="G", 450, IF(AH102="D", 350, 0)) * IF(AF102="Y", 1.2, 1)*(INDEX(屬性克制表!$B$2:$T$20, MATCH(AE102, 屬性克制表!$A$2:$A$20, 0), MATCH($L$1, 屬性克制表!$B$1:$T$1, 0)) * INDEX(屬性克制表!$B$2:$T$20, MATCH(AE102, 屬性克制表!$A$2:$A$20, 0), MATCH($M$1, 屬性克制表!$B$1:$T$1, 0))) -> 51187.5 | AJ102: =_xlfn.XLOOKUP(AD102, 數據!B$2:B$60, 數據!M$2:M$60) -> 195
J103: 水君 | K103: 水 | L103: Y | M103: 147 | N103: D | O103: 38587.5 | P103: =O103/$O$3 -> 0.17679149 | AD103: 火伊布 | AE103: 火 | AF103: Y | AG103: =AJ103 -> 206 | AH103: D | AI103: =AG103*IF(AH103="G", 450, IF(AH103="D", 350, 0)) * IF(AF103="Y", 1.2, 1)*(INDEX(屬性克制表!$B$2:$T$20, MATCH(AE103, 屬性克制表!$A$2:$A$20, 0), MATCH($L$1, 屬性克制表!$B$1:$T$1, 0)) * INDEX(屬性克制表!$B$2:$T$20, MATCH(AE103, 屬性克制表!$A$2:$A$20, 0), MATCH($M$1, 屬性克制表!$B$1:$T$1, 0))) -> 138432 | AJ103: =_xlfn.XLOOKUP(AD103, 數據!B$2:B$60, 數據!M$2:M$60) -> 206
J104: 吼鯨王 | K104: 水 | L104: Y | M104: 147 | N104: D | O104: 38587.5 | P104: =O104/$O$3 -> 0.17679149 | AD104: 太陽伊布 | AE104: 超能力 | AF104: Y | AG104: =AJ104 -> 218 | AH104: D | AI104: =AG104*IF(AH104="G", 450, IF(AH104="D", 350, 0)) * IF(AF104="Y", 1.2, 1)*(INDEX(屬性克制表!$B$2:$T$20, MATCH(AE104, 屬性克制表!$A$2:$A$20, 0), MATCH($L$1, 屬性克制表!$B$1:$T$1, 0)) * INDEX(屬性克制表!$B$2:$T$20, MATCH(AE104, 屬性克制表!$A$2:$A$20, 0), MATCH($M$1, 屬性克制表!$B$1:$T$1, 0))) -> 146496 | AJ104: =_xlfn.XLOOKUP(AD104, 數據!B$2:B$60, 數據!M$2:M$60) -> 218
J105: 水箭龜 | K105: 水 | L105: Y | M105: 145 | N105: D | O105: 38062.5 | P105: =O105/$O$3 -> 0.17438616 | AD105: 月亮伊布 | AE105: 惡 | AF105: Y | AG105: =AJ105 -> 111 | AH105: D | AI105: =AG105*IF(AH105="G", 450, IF(AH105="D", 350, 0)) * IF(AF105="Y", 1.2, 1)*(INDEX(屬性克制表!$B$2:$T$20, MATCH(AE105, 屬性克制表!$A$2:$A$20, 0), MATCH($L$1, 屬性克制表!$B$1:$T$1, 0)) * INDEX(屬性克制表!$B$2:$T$20, MATCH(AE105, 屬性克制表!$A$2:$A$20, 0), MATCH($M$1, 屬性克制表!$B$1:$T$1, 0))) -> 29137.5 | AJ105: =_xlfn.XLOOKUP(AD105, 數據!B$2:B$60, 數據!M$2:M$60) -> 111
J106: 吼鯨王 | K106: 岩石 | L106: N | M106: 147 | N106: D | O106: 32156.25 | P106: =O106/$O$3 -> 0.14732624 | AD106: 葉伊布 | AE106: 草 | AF106: Y | AG106: =AJ106 -> 183 | AH106: D | AI106: =AG106*IF(AH106="G", 450, IF(AH106="D", 350, 0)) * IF(AF106="Y", 1.2, 1)*(INDEX(屬性克制表!$B$2:$T$20, MATCH(AE106, 屬性克制表!$A$2:$A$20, 0), MATCH($L$1, 屬性克制表!$B$1:$T$1, 0)) * INDEX(屬性克制表!$B$2:$T$20, MATCH(AE106, 屬性克制表!$A$2:$A$20, 0), MATCH($M$1, 屬性克制表!$B$1:$T$1, 0))) -> 48037.5 | AJ106: =_xlfn.XLOOKUP(AD106, 數據!B$2:B$60, 數據!M$2:M$60) -> 183
J107: 勾魂眼 | K107: 惡 | L107: Y | M107: 121 | N107: D | O107: 31762.5 | P107: =O107/$O$3 -> 0.14552224 | AD107: 冰伊布 | AE107: 冰 | AF107: Y | AG107: =AJ107 -> 200 | AH107: D | AI107: =AG107*IF(AH107="G", 450, IF(AH107="D", 350, 0)) * IF(AF107="Y", 1.2, 1)*(INDEX(屬性克制表!$B$2:$T$20, MATCH(AE107, 屬性克制表!$A$2:$A$20, 0), MATCH($L$1, 屬性克制表!$B$1:$T$1, 0)) * INDEX(屬性克制表!$B$2:$T$20, MATCH(AE107, 屬性克制表!$A$2:$A$20, 0), MATCH($M$1, 屬性克制表!$B$1:$T$1, 0))) -> 134400 | AJ107: =_xlfn.XLOOKUP(AD107, 數據!B$2:B$60, 數據!M$2:M$60) -> 200
J108: 水箭龜 | K108: 岩石 | L108: N | M108: 145 | N108: D | O108: 31718.75 | P108: =O108/$O$3 -> 0.1453218 | AD108: 仙子伊布 | AE108: 妖精 | AF108: Y | AG108: =AJ108 -> 172 | AH108: D | AI108: =AG108*IF(AH108="G", 450, IF(AH108="D", 350, 0)) * IF(AF108="Y", 1.2, 1)*(INDEX(屬性克制表!$B$2:$T$20, MATCH(AE108, 屬性克制表!$A$2:$A$20, 0), MATCH($L$1, 屬性克制表!$B$1:$T$1, 0)) * INDEX(屬性克制表!$B$2:$T$20, MATCH(AE108, 屬性克制表!$A$2:$A$20, 0), MATCH($M$1, 屬性克制表!$B$1:$T$1, 0))) -> 72240 | AJ108: =_xlfn.XLOOKUP(AD108, 數據!B$2:B$60, 數據!M$2:M$60) -> 172
J109: 水箭龜 | K109: 惡 | L109: N | M109: 145 | N109: D | O109: 31718.75 | P109: =O109/$O$3 -> 0.1453218 | AD109: 艾路雷朵 | AE109: 格鬥 | AF109: Y | AG109: =AJ109 -> 199 | AH109: D | AI109: =AG109*IF(AH109="G", 450, IF(AH109="D", 350, 0)) * IF(AF109="Y", 1.2, 1)*(INDEX(屬性克制表!$B$2:$T$20, MATCH(AE109, 屬性克制表!$A$2:$A$20, 0), MATCH($L$1, 屬性克制表!$B$1:$T$1, 0)) * INDEX(屬性克制表!$B$2:$T$20, MATCH(AE109, 屬性克制表!$A$2:$A$20, 0), MATCH($M$1, 屬性克制表!$B$1:$T$1, 0))) -> 83580 | AJ109: =_xlfn.XLOOKUP(AD109, 數據!B$2:B$60, 數據!M$2:M$60) -> 199
J110: 鋼鎧鴉 | K110: 地面 | L110: N | M110: 140 | N110: D | O110: 30625 | P110: =O110/$O$3 -> 0.1403107 | AD110: 艾路雷朵 | AE110: 超能力 | AF110: Y | AG110: =AJ110 -> 199 | AH110: D | AI110: =AG110*IF(AH110="G", 450, IF(AH110="D", 350, 0)) * IF(AF110="Y", 1.2, 1)*(INDEX(屬性克制表!$B$2:$T$20, MATCH(AE110, 屬性克制表!$A$2:$A$20, 0), MATCH($L$1, 屬性克制表!$B$1:$T$1, 0)) * INDEX(屬性克制表!$B$2:$T$20, MATCH(AE110, 屬性克制表!$A$2:$A$20, 0), MATCH($M$1, 屬性克制表!$B$1:$T$1, 0))) -> 133728 | AJ110: =_xlfn.XLOOKUP(AD110, 數據!B$2:B$60, 數據!M$2:M$60) -> 199
J111: 藏飽栗鼠 | K111: 草 | L111: N | M111: 138 | N111: D | O111: 30187.5 | P111: =O111/$O$3 -> 0.13830627 | AD111: 艾路雷朵 | AE111: 妖精 | AF111: N | AG111: =AJ111 -> 199 | AH111: D | AI111: =AG111*IF(AH111="G", 450, IF(AH111="D", 350, 0)) * IF(AF111="Y", 1.2, 1)*(INDEX(屬性克制表!$B$2:$T$20, MATCH(AE111, 屬性克制表!$A$2:$A$20, 0), MATCH($L$1, 屬性克制表!$B$1:$T$1, 0)) * INDEX(屬性克制表!$B$2:$T$20, MATCH(AE111, 屬性克制表!$A$2:$A$20, 0), MATCH($M$1, 屬性克制表!$B$1:$T$1, 0))) -> 69650 | AJ111: =_xlfn.XLOOKUP(AD111, 數據!B$2:B$60, 數據!M$2:M$60) -> 199
J112: 藏飽栗鼠 | K112: 地面 | L112: N | M112: 138 | N112: D | O112: 30187.5 | P112: =O112/$O$3 -> 0.13830627 | AD112: 烏賊王 | AE112: 超能力 | AF112: Y | AG112: =AJ112 -> 151 | AH112: D | AI112: =AG112*IF(AH112="G", 450, IF(AH112="D", 350, 0)) * IF(AF112="Y", 1.2, 1)*(INDEX(屬性克制表!$B$2:$T$20, MATCH(AE112, 屬性克制表!$A$2:$A$20, 0), MATCH($L$1, 屬性克制表!$B$1:$T$1, 0)) * INDEX(屬性克制表!$B$2:$T$20, MATCH(AE112, 屬性克制表!$A$2:$A$20, 0), MATCH($M$1, 屬性克制表!$B$1:$T$1, 0))) -> 101472 | AJ112: =_xlfn.XLOOKUP(AD112, 數據!B$2:B$60, 數據!M$2:M$60) -> 151
J113: 藏飽栗鼠 | K113: 惡 | L113: N | M113: 138 | N113: D | O113: 30187.5 | P113: =O113/$O$3 -> 0.13830627 | AD113: 烏賊王 | AE113: 飛行 | AF113: N | AG113: =AJ113 -> 151 | AH113: D | AI113: =AG113*IF(AH113="G", 450, IF(AH113="D", 350, 0)) * IF(AF113="Y", 1.2, 1)*(INDEX(屬性克制表!$B$2:$T$20, MATCH(AE113, 屬性克制表!$A$2:$A$20, 0), MATCH($L$1, 屬性克制表!$B$1:$T$1, 0)) * INDEX(屬性克制表!$B$2:$T$20, MATCH(AE113, 屬性克制表!$A$2:$A$20, 0), MATCH($M$1, 屬性克制表!$B$1:$T$1, 0))) -> 135296 | AJ113: =_xlfn.XLOOKUP(AD113, 數據!B$2:B$60, 數據!M$2:M$60) -> 151
J114: 月亮伊布 | K114: 惡 | L114: Y | M114: 111 | N114: D | O114: 29137.5 | P114: =O114/$O$3 -> 0.13349561 | AD114: 超極巨灰塵山 | AE114: 毒 | AF114: Y | AG114: =AJ114 -> 155 | AH114: G | AI114: =AG114*IF(AH114="G", 450, IF(AH114="D", 350, 0)) * IF(AF114="Y", 1.2, 1)*(INDEX(屬性克制表!$B$2:$T$20, MATCH(AE114, 屬性克制表!$A$2:$A$20, 0), MATCH($L$1, 屬性克制表!$B$1:$T$1, 0)) * INDEX(屬性克制表!$B$2:$T$20, MATCH(AE114, 屬性克制表!$A$2:$A$20, 0), MATCH($M$1, 屬性克制表!$B$1:$T$1, 0))) -> 133920 | AJ114: =_xlfn.XLOOKUP(AD114, 數據!B$2:B$65, 數據!M$2:M$65) -> 155
J115: 壺壺 | K115: 蟲 | L115: Y | M115: 17 | N115: D | O115: 7140 | AD115: 洛奇亞 | AE115: 超能力 | AF115: Y | AG115: =AJ115 -> 164 | AH115: D | AI115: =AG115*IF(AH115="G", 450, IF(AH115="D", 350, 0)) * IF(AF115="Y", 1.2, 1)*(INDEX(屬性克制表!$B$2:$T$20, MATCH(AE115, 屬性克制表!$A$2:$A$20, 0), MATCH($L$1, 屬性克制表!$B$1:$T$1, 0)) * INDEX(屬性克制表!$B$2:$T$20, MATCH(AE115, 屬性克制表!$A$2:$A$20, 0), MATCH($M$1, 屬性克制表!$B$1:$T$1, 0))) -> 110208 | AJ115: =_xlfn.XLOOKUP(AD115, 數據!B$2:B$65, 數據!M$2:M$65) -> 164
J116: 壺壺 | K116: 岩石 | L116: Y | M116: 17 | N116: D | O116: 4462.5 | AD116: 洛奇亞 | AE116: 龍 | AF116: N | AG116: =AJ116 -> 164 | AH116: D | AI116: =AG116*IF(AH116="G", 450, IF(AH116="D", 350, 0)) * IF(AF116="Y", 1.2, 1)*(INDEX(屬性克制表!$B$2:$T$20, MATCH(AE116, 屬性克制表!$A$2:$A$20, 0), MATCH($L$1, 屬性克制表!$B$1:$T$1, 0)) * INDEX(屬性克制表!$B$2:$T$20, MATCH(AE116, 屬性克制表!$A$2:$A$20, 0), MATCH($M$1, 屬性克制表!$B$1:$T$1, 0))) -> 57400 | AJ116: =_xlfn.XLOOKUP(AD116, 數據!B$2:B$65, 數據!M$2:M$65) -> 164

Sheet 數據
C1: 屬性 | E1: 小招 | I1: 等級 | J1: 功 | K1: 防 | L1: HP | M1: 攻擊 | N1: 防禦 | O1: 血量 | P1: 坦 | R1: CP Calculator - Pokémon GO - GameInfo | S1: https://pvpoketw.com/battle/
A2: 242 | B2: 幸福蛋 | C2: 一般 | E2: 一般 | F2: 超能力 | I2: 44 | J2: 11 | K2: 15 | L2: 15 | M2: 113 | N2: 149 | O2: 414 | P2: =N2*O2/1000 -> 61.686
A3: 889 | B3: 藏瑪然特 | C3: 鋼 | D3: 格鬥 | I3: 47 | J3: 15 | K3: 15 | L3: 15 | M3: 218 | N3: 253 | O3: 170 | P3: =N3*O3/1000+60/1000 -> 43.07
A4: 143 | B4: 卡比獸 | C4: 一般 | I4: 30 | J4: 14 | K4: 15 | L4: 15 | M4: 149 | N4: 134 | O4: 252 | P4: =N4*O4/1000 -> 33.768
A5: 245 | B5: 水君 | C5: 水 | E5: 水 | I5: 35 | J5: 14 | K5: 14 | L5: 15 | M5: 147 | N5: 190 | O5: 182 | P5: =N5*O5/1000 -> 34.58
A6: 890 | B6: 無極汰那 | C6: 龍 | D6: 毒 | I6: 39 | J6: 15 | K6: 15 | L6: 14 | M6: 229 | N6: 162 | O6: 221 | P6: =N6*O6/1000 -> 35.802
A7: 144 | B7: 急凍鳥 | C7: 冰 | D7: 飛行 | E7: 冰 | I7: 33.5 | J7: 15 | K7: 12 | L7: 11 | M7: 155 | N7: 186 | O7: 164 | P7: =N7*O7/1000 -> 30.504
A8: 131 | B8: 拉普拉斯 | C8: 水 | D8: 冰 | I8: 40 | J8: 14 | K8: 13 | L8: 15 | M8: 141 | N8: 147 | O8: 230 | P8: =N8*O8/1000 -> 33.81
A9: 380 | B9: 拉帝亞斯 | C9: 龍 | D9: 超能力 | E9: 龍 | F9: 超能力 | I9: 24.5 | J9: 12 | K9: 10 | L9: 11 | M9: 158 | N9: 169 | O9: 132 | P9: =N9*O9/1000 -> 22.308
A10: 888 | B10: 蒼響 | C10: 鋼 | D10: 妖精 | I10: 50 | J10: 15 | K10: 14 | L10: 15 | M10: 291 | N10: 213 | O10: 173 | P10: =N10*O10/1000 -> 36.849
A11: 381 | B11: 拉帝歐斯 | C11: 龍 | D11: 超能力 | E11: 龍 | F11: 超能力 | I11: 38.5 | J11: 15 | K11: 14 | L11: 13 | M11: 221 | N11: 176 | O11: 158 | P11: =N11*O11/1000 -> 27.808
A12: 376 | B12: 巨金怪 | C12: 鋼 | D12: 超能力 | E12: 鋼 | F12: 超能力 | G12: 蟲 | I12: 40 | J12: 15 | K12: 12 | L12: 14 | M12: 214 | N12: 189 | O12: 161 | P12: =N12*O12/1000 -> 30.429
A13: 244 | B13: 炎帝 | C13: 火 | E13: 火 | I13: 27.5 | J13: 15 | K13: 13 | L13: 12 | M13: 175 | N13: 128 | O13: 184 | P13: =N13*O13/1000 -> 23.552
A14: 823 | B14: 鋼鎧鴉 | C14: 鋼 | D14: 飛行 | E14: 鋼 | F14: 飛行 | G14: 地面 | I14: 43 | J14: 11 | K14: 14 | L14: 15 | M14: 140 | N14: 165 | O14: 190 | P14: =N14*O14/1000 -> 31.35
A15: 615 | B15: 幾何雪花 | C15: 冰 | E15: 冰 | I15: 33 | J15: 15 | K15: 14 | L15: 13 | M15: 153 | N15: 173 | O15: 152 | P15: =N15*O15/1000 -> 26.296
A16: 820 | B16: 藏飽栗鼠 | C16: 一般 | E16: 一般 | F16: 地面 | G16: 惡 | H16: 草 | I16: 40 | J16: 15 | K16: 15 | L16: 15 | M16: 138 | N16: 135 | O16: 217 | P16: =N16*O16/1000 -> 29.295
A17: 243 | B17: 雷公 | C17: 電 | E17: 電 | I17: 36 | J17: 13 | K17: 15 | L17: 15 | M17: 194 | N17: 161 | O17: 170 | P17: =N17*O17/1000 -> 27.37
A18: 892 | B18: 武道熊師(一) | C18: 格鬥 | D18: 惡 | E18: 格鬥 | F18: 惡 | I18: 40 | J18: 12 | K18: 13 | L18: 13 | M18: 210 | N18: 150 | O18: 188 | P18: =N18*O18/1000 -> 28.2
A19: 892 | B19: 武道熊師(連) | C19: 格鬥 | D19: 水 | E19: 格鬥 | F19: 水 | I19: 40 | J19: 12 | K19: 13 | L19: 13 | M19: 210 | N19: 150 | O19: 188 | P19: =N19*O19/1000 -> 28.2
A20: 9 | B20: 水箭龜 | C20: 水 | E20: 水 | F20: 惡 | G20: 岩石 | I20: 40 | J20: 13 | K20: 15 | L20: 14 | M20: 145 | N20: 175 | O20: 159 | P20: =N20*O20/1000 -> 27.825
A21: 145 | B21: 閃電鳥 | C21: 電 | D21: 飛行 | E21: 電 | F21: 飛行 | I21: 35 | J21: 14 | K21: 14 | L21: 14 | M21: 203 | N21: 151 | O21: 168 | P21: =N21*O21/1000 -> 25.368
A22: 812 | B22: 轟擂金剛猩 | C22: 草 | E22: 草 | I22: 40 | J22: 15 | K22: 13 | L22: 15 | M22: 200 | N22: 143 | O22: 189 | P22: =N22*O22/1000 -> 27.027
A23: 146 | B23: 火焰鳥 | C23: 火 | D23: 飛行 | E23: 火 | F23: 飛行 | I23: 33.5 | J23: 15 | K23: 13 | L23: 10 | M23: 200 | N23: 146 | O23: 163 | P23: =N23*O23/1000 -> 23.798
A24: 766 | B24: 投擲猴 | C24: 格鬥 | E24: 格鬥 | F24: 一般 | I24: 36 | J24: 15 | K24: 11 | L24: 15 | M24: 181 | N24: 131 | O24: 184 | P24: =N24*O24/1000 -> 24.104
A25: 3 | B25: 妙蛙花 | C25: 草 | D25: 毒 | E25: 草 | I25: 40 | J25: 4 | K25: 9 | L25: 3 | M25: 159 | N25: 156 | O25: 152 | P25: =N25*O25/1000 -> 23.712
A26: 832 | B26: 毛毛角羊 | C26: 一般 | E26: 格鬥 | I26: 40 | J26: 14 | K26: 14 | L26: 13 | M26: 136 | N26: 167 | O26: 149 | P26: =N26*O26/1000 -> 24.883
A27: 139 | B27: 多刺菊石獸 | C27: 岩石 | D27: 水 | E27: 岩石 | F27: 水 | G27: 地面 | I27: 42 | J27: 15 | K27: 15 | L27: 13 | M27: 177 | N27: 172 | O27: 148 | P27: =N27*O27/1000 -> 25.456
A28: 213 | B28: 壺壺 | C28: 岩石 | D28: 蟲 | E28: 岩石 | F28: 蟲 | I28: 41 | J28: 13 | K28: 15 | L28: 14 | M28: 17 | N28: 396 | O28: 85 | P28: =N28*O28/1000 -> 33.66
A29: 68 | B29: 怪力 | C29: 格鬥 | E29: 格鬥 | F29: 鋼 | I29: 50 | J29: 12 | K29: 14 | L29: 15 | M29: 201 | N29: 141 | O29: 180 | P29: =N29*O29/1000 -> 25.38
A30: 6 | B30: 噴火龍 | C30: 火 | D30: 飛行 | E30: 火 | F30: 飛行 | G30: 龍 | I30: 40 | J30: 14 | K30: 11 | L30: 12 | M30: 187 | N30: 145 | O30: 156 | P30: =N30*O30/1000 -> 22.62
A31: 530 | B31: 龍頭地鼠 | C31: 地面 | D31: 鋼 | E31: 地面 | F31: 鋼 | I31: 43 | J31: 15 | K31: 15 | L31: 15 | M31: 217 | N31: 115 | O31: 206 | P31: =N31*O31/1000 -> 23.69
A32: 569 | B32: 灰塵山 | C32: 毒 | E32: 蟲 | F32: 一般 | I32: 40 | J32: 13 | K32: 14 | L32: 15 | M32: 153 | N32: 140 | O32: 162 | P32: =N32*O32/1000 -> 22.68
A33: 815 | B33: 閃焰王牌 | C33: 火 | E33: 火 | F33: 一般 | I33: 46 | J33: 12 | K33: 14 | L33: 15 | M33: 205 | N33: 145 | O33: 168 | P33: =N33*O33/1000 -> 24.36
A34: 321 | B34: 吼鯨王 | C34: 水 | E34: 水 | F34: 超能力 | G34: 岩石 | I34: 40 | J34: 12 | K34: 15 | L34: 15 | M34: 147 | N34: 80 | O34: 286 | P34: =N34*O34/1000 -> 22.88
A35: 141 | B35: 鐮刀盔 | C35: 水 | D35: 水 | E35: 水 | F35: 地面 | G35: 格鬥 | H35: 蟲 | I35: 40 | J35: 15 | K35: 15 | L35: 15 | M35: 185 | N35: 158 | O35: 134 | P35: =N35*O35/1000 -> 21.172
A36: 521 | B36: 高傲雉雞 | C36: 一般 | D36: 飛行 | E36: 飛行 | F36: 鋼 | I36: 40 | J36: 13 | K36: 15 | L36: 13 | M36: 188 | N36: 127 | O36: 160 | P36: =N36*O36/1000 -> 20.32
A37: 870 | B37: 列陣兵 | C37: 格鬥 | E37: 格鬥 | I37: 37 | J37: 15 | K37: 15 | L37: 15 | M37: 160 | N37: 143 | O37: 137 | P37: =N37*O37/1000 -> 19.591
A38: 858 | B38: 布莉姆溫 | C38: 妖精 | D38: 超能力 | E38: 超能力 | F38: 妖精 | I38: 40 | J38: 14 | K38: 15 | L38: 14 | M38: 198 | N38: 155 | O38: 128 | P38: =N38*O38/1000 -> 19.84
A39: 555 | B39: 狒狒達摩 | C39: 火 | E39: 一般 | I39: 40 | J39: 14 | K39: 13 | L39: 12 | M39: 218 | N39: 100 | O39: 193 | P39: =N39*O39/1000 -> 19.3
A40: 99 | B40: 巨鉗蟹 | C40: 水 | E40: 水 | F40: 鋼 | G40: 地面 | I40: 40 | J40: 11 | K40: 13 | L40: 15 | M40: 198 | N40: 153 | O40: 127 | P40: =N40*O40/1000 -> 19.431
A41: 849 | B41: 戰弦蠑螈 | C41: 電 | D41: 毒 | E41: 電 | F41: 毒 | I41: 40 | J41: 15 | K41: 14 | L41: 15 | M41: 188 | N41: 121 | O41: 154 | P41: =N41*O41/1000 -> 18.634
A42: 818 | B42: 千面避役 | C42: 水 | E42: 一般 | I42: 40 | J42: 13 | K42: 14 | L42: 15 | M42: 217 | N42: 123 | O42: 147 | P42: =N42*O42/1000 -> 18.081
A43: 94 | B43: 耿鬼 | C43: 幽靈 | D43: 毒 | E43: 幽靈 | F43: 惡 | I43: 45 | J43: 12 | K43: 15 | L43: 12 | M43: 223 | N43: 134 | O43: 136 | P43: =N43*O43/1000 -> 18.224
A44: 12 | B44: 巴大蝶 | C44: 蟲 | D44: 飛行 | E44: 蟲 | F44: 超能力 | I44: 40 | J44: 15 | K44: 14 | L44: 14 | M44: 143 | N44: 119 | O44: 133 | P44: =N44*O44/1000 -> 15.827
A45: 302 | B45: 勾魂眼 | C45: 幽靈 | D45: 惡 | E45: 幽靈 | F45: 惡 | I45: 40 | J45: 13 | K45: 12 | L45: 13 | M45: 121 | N45: 116 | O45: 118 | P45: =N45*O45/1000 -> 13.688
A46: 65 | B46: 胡地 | C46: 超能力 | D46: 無 | E46: 超能力 | F46: 格鬥 | I46: 40 | J46: 14 | K46: 15 | L46: 15 | M46: 225 | N46: 144 | O46: 127 | P46: =N46*O46/1000 -> 18.288
A47: 884 | B47: 鋁鋼龍 | C47: 鋼 | D47: 龍 | E47: 龍 | F47: 鋼 | G47: 一般 | I47: 40 | J47: 15 | K47: 15 | L47: 15 | M47: 201 | N47: 158 | O47: 147 | P47: =N47*O47/1000 -> 23.226
A48: 763 | B48: 甜冷美后 | C48: 草 | D48: 無 | E48: 草 | F48: 妖精 | I48: 40 | J48: 15 | K48: 15 | L48: 15 | M48: 187 | N48: 166 | O48: 150 | P48: =N48*O48/1000 -> 24.9
A49: 282 | B49: 沙奈朵 | C49: 超能力 | D49: 妖精 | E49: 妖精 | F49: 超能力 | G49: 草 | H49: 電 | I49: 40 | J49: 15 | K49: 15 | L49: 15 | M49: 199 | N49: 166 | O49: 145 | P49: =N49*O49/1000 -> 24.07
A50: 133 | B50: 超級巨伊布 | C50: 一般 | D50: 無 | E50: 一般 | I50: 40 | J50: 15 | K50: 15 | L50: 15 | M50: 94 | N50: 102 | O50: 127 | P50: =N50*O50/1000 -> 12.954
A51: 134 | B51: 水伊布 | C51: 水 | D51: 無 | E51: 水 | I51: 40 | J51: 15 | K51: 15 | L51: 15 | M51: 174 | N51: 139 | O51: 230 | P51: =N51*O51/1000 -> 31.97
A52: 135 | B52: 雷伊布 | C52: 電 | D52: 無 | E52: 電 | I52: 40 | J52: 15 | K52: 15 | L52: 15 | M52: 195 | N52: 156 | O52: 140 | P52: =N52*O52/1000 -> 21.84
A53: 136 | B53: 火伊布 | C53: 火 | D53: 無 | E53: 火 | I53: 40 | J53: 15 | K53: 15 | L53: 15 | M53: 206 | N53: 153 | O53: 140 | P53: =N53*O53/1000 -> 21.42
A54: 196 | B54: 太陽伊布 | C54: 超能力 | D54: 無 | E54: 超能力 | I54: 40 | J54: 15 | K54: 15 | L54: 15 | M54: 218 | N54: 150 | O54: 140 | P54: =N54*O54/1000 -> 21
A55: 197 | B55: 月亮伊布 | C55: 惡 | D55: 無 | E55: 惡 | I55: 40 | J55: 15 | K55: 15 | L55: 15 | M55: 111 | N55: 202 | O55: 182 | P55: =N55*O55/1000 -> 36.764
A56: 470 | B56: 葉伊布 | C56: 草 | D56: 無 | E56: 草 | I56: 40 | J56: 15 | K56: 15 | L56: 15 | M56: 183 | N56: 185 | O56: 140 | P56: =N56*O56/1000 -> 25.9
A57: 471 | B57: 冰伊布 | C57: 冰 | D57: 無 | E57: 冰 | I57: 40 | J57: 15 | K57: 15 | L57: 15 | M57: 200 | N57: 174 | O57: 140 | P57: =N57*O57/1000 -> 24.36
A58: 700 | B58: 仙子伊布 | C58: 妖精 | D58: 無 | E58: 妖精 | I58: 40 | J58: 15 | K58: 15 | L58: 15 | M58: 172 | N58: 173 | O58: 182 | P58: =N58*O58/1000 -> 31.486
A59: 475 | B59: 艾路雷朵 | C59: 超能力 | D59: 格鬥 | E59: 超能力 | F59: 格鬥 | G59: 妖精 | I59: 40 | J59: 15 | K59: 15 | L59: 15 | M59: 199 | N59: 166 | O59: 145 | P59: =N59*O59/1000 -> 24.07
A60: 687 | B60: 烏賊王 | C60: 惡 | D60: 超能力 | E60: 超能力 | F60: 飛行 | I60: 40 | J60: 15 | K60: 15 | L60: 15 | M60: 151 | N60: 142 | O60: 169 | P60: =N60*O60/1000 -> 23.998
A61: 528 | B61: 心蝙蝠 | C61: 超能力 | D61: 飛行 | E61: 超能力 | F61: 飛行 | I61: 40 | J61: 15 | K61: 15 | L61: 15 | M61: 139 | N61: 106 | O61: 143 | P61: =N61*O61/1000 -> 15.158
A62: 569 | B62: 超極巨灰塵山 | C62: 毒 | D62: 無 | E62: 毒 | I62: 40 | J62: 15 | K62: 13 | L62: 13 | M62: 155 | N62: 140 | O62: 160 | P62: =N62*O62/1000 -> 22.4
A63: 249 | B63: 洛奇亞 | C63: 超能力 | D63: 飛行 | E63: 超能力 | F63: 龍 | I63: 40 | J63: 12 | K63: 14 | L63: 15 | M63: 164 | N63: 257 | O63: 197 | P63: =N63*O63/1000 -> 50.629

Sheet 屬性克制表
A1: 攻/守 | B1: 一般 | C1: 火 | D1: 格鬥 | E1: 水 | F1: 飛行 | G1: 草 | H1: 毒 | I1: 電 | J1: 地面 | K1: 超能力 | L1: 岩石 | M1: 冰 | N1: 蟲 | O1: 龍 | P1: 幽靈 | Q1: 惡 | R1: 鋼 | S1: 妖精 | T1: 無 | V1: 超能力 | W1: 飛行 | X1: 寶可夢 | Y1: DPS
A2: 一般 | B2: 1 | C2: 1 | D2: 1 | E2: 1 | F2: 1 | G2: 1 | H2: 1 | I2: 1 | J2: 1 | K2: 1 | L2: 0.625 | M2: 1 | N2: 1 | O2: 1 | P2: 0.391 | Q2: 1 | R2: 0.625 | S2: 1 | T2: 1 | V2: {=_xlfn.SORTBY(AO$2:AR$19, AR$2:AR$19, -1)} -> 幽靈 | W2: 1.6 | X2: 奈克洛茲瑪 | Y2: 35.456 | AC2: 攻方屬性 | AD2: 屬性一 | AE2: 屬性二 | AF2: 抗性 | AO2: 一般 | AP2: =INDEX($B$2:$T$20, MATCH(A2, $A$2:$A$20, 0), MATCH($V$1, $B$1:$T$1, 0))*INDEX($B$2:$T$20, MATCH(A2, $A$2:$A$20, 0), MATCH($W$1, $B$1:$T$1, 0)) -> 1 | AQ2: 暗影雷吉 | AR2: =AS2*AP2 -> 22.5 | AS2: 22.5
A3: 火 | B3: 1 | C3: 0.625 | D3: 1 | E3: 0.625 | F3: 1 | G3: 1.6 | H3: 1 | I3: 1 | J3: 1 | K3: 1 | L3: 0.625 | M3: 1.6 | N3: 1.6 | O3: 0.625 | P3: 1 | Q3: 1 | R3: 1.6 | S3: 1 | T3: 1 | V3: 冰 | W3: 1.6 | X3: 焰白酋雷姆 | Y3: 30.752 | AC3: 地面 | AD3: 水 | AE3: 龍 | AF3: =INDEX($B$2:$T$20, MATCH(AC3, $A$2:$A$20, 0), MATCH(AD3, $B$1:$T$1, 0))*INDEX($B$2:$T$20, MATCH(AC3, $A$2:$A$20, 0), MATCH(AE3, $B$1:$T$1, 0)) -> 1 | AO3: 火 | AP3: =INDEX($B$2:$T$20, MATCH(A3, $A$2:$A$20, 0), MATCH($V$1, $B$1:$T$1, 0))*INDEX($B$2:$T$20, MATCH(A3, $A$2:$A$20, 0), MATCH($W$1, $B$1:$T$1, 0)) -> 1 | AQ3: Nega噴火龍 | AR3: =AS3*AP3 -> 19.68 | AS3: 19.68
A4: 格鬥 | B4: 1.6 | C4: 1 | D4: 1 | E4: 1 | F4: 0.625 | G4: 1 | H4: 0.625 | I4: 1 | J4: 1 | K4: 0.625 | L4: 1.6 | M4: 1.6 | N4: 0.625 | O4: 1 | P4: 0.391 | Q4: 1.6 | R4: 1.6 | S4: 0.625 | T4: 1 | V4: 惡 | W4: 1.6 | X4: Mega班基拉斯 | Y4: 28.608 | AO4: 格鬥 | AP4: =INDEX($B$2:$T$20, MATCH(A4, $A$2:$A$20, 0), MATCH($V$1, $B$1:$T$1, 0))*INDEX($B$2:$T$20, MATCH(A4, $A$2:$A$20, 0), MATCH($W$1, $B$1:$T$1, 0)) -> 0.390625 | AQ4: Mega路卡 | AR4: =AS4*AP4 -> 8.7617188 | AS4: 22.43
A5: 水 | B5: 1 | C5: 1.6 | D5: 1 | E5: 0.625 | F5: 1 | G5: 0.625 | H5: 1 | I5: 1 | J5: 1.6 | K5: 1 | L5: 1.6 | M5: 1 | N5: 1 | O5: 0.625 | P5: 1 | Q5: 1 | R5: 1 | S5: 1 | T5: 1 | V5: 電 | W5: 1.6 | X5: Mega雷電獸 | Y5: 26.544 | AO5: 水 | AP5: =INDEX($B$2:$T$20, MATCH(A5, $A$2:$A$20, 0), MATCH($V$1, $B$1:$T$1, 0))*INDEX($B$2:$T$20, MATCH(A5, $A$2:$A$20, 0), MATCH($W$1, $B$1:$T$1, 0)) -> 1 | AQ5: Mega蓋歐卡 | AR5: =AS5*AP5 -> 19.42 | AS5: 19.42
A6: 飛行 | B6: 1 | C6: 1 | D6: 1.6 | E6: 1 | F6: 1 | G6: 1.6 | H6: 1 | I6: 0.625 | J6: 1 | K6: 1 | L6: 0.625 | M6: 1 | N6: 1.6 | O6: 1 | P6: 1 | Q6: 1 | R6: 0.625 | S6: 1 | T6: 1 | V6: 飛行 | W6: 1 | X6: Mega列空坐 | Y6: 26.05 | AO6: 飛行 | AP6: =INDEX($B$2:$T$20, MATCH(A6, $A$2:$A$20, 0), MATCH($V$1, $B$1:$T$1, 0))*INDEX($B$2:$T$20, MATCH(A6, $A$2:$A$20, 0), MATCH($W$1, $B$1:$T$1, 0)) -> 1 | AQ6: Mega列空坐 | AR6: =AS6*AP6 -> 26.05 | AS6: 26.05
A7: 草 | B7: 1 | C7: 0.625 | D7: 1 | E7: 1.6 | F7: 0.625 | G7: 0.625 | H7: 0.625 | I7: 1 | J7: 1.6 | K7: 1 | L7: 1.6 | M7: 1 | N7: 0.625 | O7: 0.625 | P7: 1 | Q7: 1 | R7: 0.625 | S7: 1 | T7: 1 | V7: 岩石 | W7: 1.6 | X7: Mega班基拉斯 | Y7: 24.608 | AO7: 草 | AP7: =INDEX($B$2:$T$20, MATCH(A7, $A$2:$A$20, 0), MATCH($V$1, $B$1:$T$1, 0))*INDEX($B$2:$T$20, MATCH(A7, $A$2:$A$20, 0), MATCH($W$1, $B$1:$T$1, 0)) -> 0.625 | AQ7: Mega蜥蜴王 | AR7: =AS7*AP7 -> 12.48125 | AS7: 19.97
A8: 毒 | B8: 1 | C8: 1 | D8: 1 | E8: 1 | F8: 1 | G8: 1.6 | H8: 0.625 | I8: 1 | J8: 0.625 | K8: 1 | L8: 0.625 | M8: 1 | N8: 1 | O8: 1 | P8: 0.625 | Q8: 1 | R8: 0.391 | S8: 1.6 | T8: 1 | V8: 毒 | W8: 1 | X8: 無極汰那 | Y8: 23.04 | AO8: 毒 | AP8: =INDEX($B$2:$T$20, MATCH(A8, $A$2:$A$20, 0), MATCH($V$1, $B$1:$T$1, 0))*INDEX($B$2:$T$20, MATCH(A8, $A$2:$A$20, 0), MATCH($W$1, $B$1:$T$1, 0)) -> 1 | AQ8: 無極汰那 | AR8: =AS8*AP8 -> 23.04 | AS8: 23.04
A9: 電 | B9: 1 | C9: 1 | D9: 1 | E9: 1.6 | F9: 1.6 | G9: 0.625 | H9: 1 | I9: 0.625 | J9: 0.391 | K9: 1 | L9: 1 | M9: 1 | N9: 1 | O9: 0.625 | P9: 1 | Q9: 1 | R9: 1 | S9: 1 | T9: 1 | V9: 龍 | W9: 1 | X9: 無極汰那 | Y9: 23.04 | AO9: 電 | AP9: =INDEX($B$2:$T$20, MATCH(A9, $A$2:$A$20, 0), MATCH($V$1, $B$1:$T$1, 0))*INDEX($B$2:$T$20, MATCH(A9, $A$2:$A$20, 0), MATCH($W$1, $B$1:$T$1, 0)) -> 1.6 | AQ9: Mega雷電獸 | AR9: =AS9*AP9 -> 26.544 | AS9: 16.59
A10: 地面 | B10: 1 | C10: 1.6 | D10: 1 | E10: 1 | F10: 0.391 | G10: 0.625 | H10: 1.6 | I10: 1.6 | J10: 1 | K10: 1 | L10: 1.6 | M10: 1 | N10: 0.625 | O10: 1 | P10: 1 | Q10: 1 | R10: 1.6 | S10: 1 | T10: 1 | V10: 一般 | W10: 1 | X10: 暗影雷吉 | Y10: 22.5 | AO10: 地面 | AP10: =INDEX($B$2:$T$20, MATCH(A10, $A$2:$A$20, 0), MATCH($V$1, $B$1:$T$1, 0))*INDEX($B$2:$T$20, MATCH(A10, $A$2:$A$20, 0), MATCH($W$1, $B$1:$T$1, 0)) -> 0.391 | AQ10: Mega烈咬陸鯊 | AR10: =AS10*AP10 -> 6.97935 | AS10: 17.85
A11: 超能力 | B11: 1 | C11: 1 | D11: 1.6 | E11: 1 | F11: 1 | G11: 1 | H11: 1.6 | I11: 1 | J11: 1 | K11: 0.625 | L11: 1 | M11: 1 | N11: 1 | O11: 1 | P11: 1 | Q11: 0.391 | R11: 0.625 | S11: 1 | T11: 1 | V11: 鋼 | W11: 1 | X11: 劍之王 | Y11: 22.27 | AO11: 超能力 | AP11: =INDEX($B$2:$T$20, MATCH(A11, $A$2:$A$20, 0), MATCH($V$1, $B$1:$T$1, 0))*INDEX($B$2:$T$20, MATCH(A11, $A$2:$A$20, 0), MATCH($W$1, $B$1:$T$1, 0)) -> 0.625 | AQ11: Mega艾路雷朵 | AR11: =AS11*AP11 -> 11.31875 | AS11: 18.11
A12: 岩石 | B12: 1 | C12: 1.6 | D12: 0.625 | E12: 1 | F12: 1.6 | G12: 1 | H12: 1 | I12: 1 | J12: 0.625 | K12: 1 | L12: 1 | M12: 1.6 | N12: 1.6 | O12: 1 | P12: 1 | Q12: 1 | R12: 0.625 | S12: 1 | T12: 1 | V12: 火 | W12: 1 | X12: Nega噴火龍 | Y12: 19.68 | AO12: 岩石 | AP12: =INDEX($B$2:$T$20, MATCH(A12, $A$2:$A$20, 0), MATCH($V$1, $B$1:$T$1, 0))*INDEX($B$2:$T$20, MATCH(A12, $A$2:$A$20, 0), MATCH($W$1, $B$1:$T$1, 0)) -> 1.6 | AQ12: Mega班基拉斯 | AR12: =AS12*AP12 -> 24.608 | AS12: 15.38
A13: 冰 | B13: 1 | C13: 0.625 | D13: 1 | E13: 0.625 | F13: 1.6 | G13: 1.6 | H13: 1 | I13: 1 | J13: 1.6 | K13: 1 | L13: 1 | M13: 0.625 | N13: 1 | O13: 1.6 | P13: 1 | Q13: 1 | R13: 0.625 | S13: 1 | T13: 1 | V13: 水 | W13: 1 | X13: Mega蓋歐卡 | Y13: 19.42 | AO13: 冰 | AP13: =INDEX($B$2:$T$20, MATCH(A13, $A$2:$A$20, 0), MATCH($V$1, $B$1:$T$1, 0))*INDEX($B$2:$T$20, MATCH(A13, $A$2:$A$20, 0), MATCH($W$1, $B$1:$T$1, 0)) -> 1.6 | AQ13: 焰白酋雷姆 | AR13: =AS13*AP13 -> 30.752 | AS13: 19.22
A14: 蟲 | B14: 1 | C14: 0.625 | D14: 0.625 | E14: 1 | F14: 0.625 | G14: 1.6 | H14: 0.625 | I14: 1 | J14: 1 | K14: 1.6 | L14: 1 | M14: 1 | N14: 1 | O14: 1 | P14: 0.625 | Q14: 1.6 | R14: 0.625 | S14: 0.625 | T14: 1 | V14: 妖精 | W14: 1 | X14: Mega沙奈朵 | Y14: 17.25 | AO14: 蟲 | AP14: =INDEX($B$2:$T$20, MATCH(A14, $A$2:$A$20, 0), MATCH($V$1, $B$1:$T$1, 0))*INDEX($B$2:$T$20, MATCH(A14, $A$2:$A$20, 0), MATCH($W$1, $B$1:$T$1, 0)) -> 1 | AQ14: Mega凱羅斯 | AR14: =AS14*AP14 -> 15.73 | AS14: 15.73
A15: 龍 | B15: 1 | C15: 1 | D15: 1 | E15: 1 | F15: 1 | G15: 1 | H15: 1 | I15: 1 | J15: 1 | K15: 1 | L15: 1 | M15: 1 | N15: 1 | O15: 1.6 | P15: 1 | Q15: 1 | R15: 0.625 | S15: 0.391 | T15: 1 | V15: 蟲 | W15: 1 | X15: Mega凱羅斯 | Y15: 15.73 | AO15: 龍 | AP15: =INDEX($B$2:$T$20, MATCH(A15, $A$2:$A$20, 0), MATCH($V$1, $B$1:$T$1, 0))*INDEX($B$2:$T$20, MATCH(A15, $A$2:$A$20, 0), MATCH($W$1, $B$1:$T$1, 0)) -> 1 | AQ15: 無極汰那 | AR15: =AS15*AP15 -> 23.04 | AS15: 23.04
... A19: 妖精 | B19: 1 | C19: 0.625 | D19: 1 | E19: 1 | F19: 1 | G19: 1 | H19: 0.625 | I19: 1 | J19: 1 | K19: 1 | L19: 1 | M19: 1 | N19: 1 | O19: 1.6 | P19: 1 | Q19: 1.6 | R19: 0.625 | S19: 1 | T19: 1 | V19: 地面 | W19: 0.391 | X19: Mega烈咬陸鯊 | Y19: 6.97935 | AO19: 妖精 | AP19: =INDEX($B$2:$T$20, MATCH(A19, $A$2:$A$20, 0), MATCH($V$1, $B$1:$T$1, 0))*INDEX($B$2:$T$20, MATCH(A19, $A$2:$A$20, 0), MATCH($W$1, $B$1:$T$1, 0)) -> 1 | AQ19: Mega沙奈朵 | AR19: =AS19*AP19 -> 17.25 | AS19: 17.25
A20: 無 | B20: 1 | C20: 1 | D20: 1 | E20: 1 | F20: 1 | G20: 1 | H20: 1 | I20: 1 | J20: 1 | K20: 1 | L20: 1 | M20: 1 | N20: 1 | O20: 1 | P20: 1 | Q20: 1 | R20: 1 | S20: 1 | T20: 1

Sheet 極巨傷害
A1: 火系 | B1: 基礎攻擊 | C1: 超級巨/極巨 | D1: 輸出 | F1: 水系 | G1: 基礎攻擊 | H1: 超級巨/極巨 | I1: 輸出 | K1: 草系 | L1: 基礎攻擊 | M1: 超級巨/極巨 | N1: 輸出 | P1: 格鬥 | Q1: 基礎攻擊 | R1: 超級巨/極巨 | S1: 輸出 | U1: 飛行 | V1: 基礎攻擊 | W1: 超級巨/極巨 | X1: 輸出 | Z1: 毒 | AA1: 基礎攻擊 | AB1: 超級巨/極巨 | AC1: 輸出 | AE1: 地面 | AF1: 基礎攻擊 | AG1: 超級巨/極巨 | AH1: 輸出 | AJ1: 岩石 | AK1: 基礎攻擊 | AL1: 超級巨/極巨 | AM1: 輸出 | AO1: 蟲 | AP1: 基礎攻擊 | AQ1: 超級巨/極巨 | AR1: 輸出 | AT1: 幽靈 | AU1: 基礎攻擊 | AV1: 超級巨/極巨 | AW1: 輸出 | AY1: 鋼 | AZ1: 基礎攻擊 | BA1: 超級巨/極巨 | BB1: 輸出 | BD1: 電 | BE1: 基礎攻擊 | BF1: 超級巨/極巨 | BG1: 輸出 | BI1: 超能力 | BJ1: 基礎攻擊 | BK1: 超級巨/極巨 | BL1: 輸出 | BN1: 冰 | BO1: 基礎攻擊 | BP1: 超級巨/極巨 | BQ1: 輸出 | BS1: 龍 | BT1: 基礎攻擊 | BU1: 超級巨/極巨 | BV1: 輸出 | BX1: 惡 | BY1: 基礎攻擊 | BZ1: 超級巨/極巨 | CA1: 輸出 | CC1: 妖精 | CD1: 基礎攻擊 | CE1: 超級巨/極巨 | CF1: 輸出
A2: 閃焰王牌(G) | B2: 238 | C2: G | D2: =IF(C2="G", B2*450*1.2*1.6, IF(C2="D", B2*350*1.2*1.6, "")) -> 205632 | F2: 千面避役 | G2: 262 | H2: G | I2: =IF(H2="G", G2*450*1.2*1.6, IF(H2="D", G2*350*1.2*1.6, "")) -> 226368 | K2: 轟擂金剛猩 | L2: 239 | M2: G | N2: =IF(M2="G", L2*450*1.2*1.6, IF(M2="D", L2*350*1.2*1.6, "")) -> 206496 | P2: 怪力 | Q2: 234 | R2: G | S2: =IF(R2="G", Q2*450*1.2*1.6, IF(R2="D", Q2*350*1.2*1.6, "")) -> 202176 | U2: 閃電鳥 | V2: 253 | W2: D | X2: =IF(W2="G", V2*450*1.2*1.6, IF(W2="D", V2*350*1.2*1.6, "")) -> 170016 | Z2: 戰弦蠑螈 | AA2: 224 | AB2: D | AC2: =IF(AB2="G", AA2*450*1.2*1.6, IF(AB2="D", AA2*350*1.2*1.6, "")) -> 150528 | AE2: 龍頭地鼠 | AF2: 255 | AG2: D | AH2: =IF(AG2="G", AF2*450*1.2*1.6, IF(AG2="D", AF2*350*1.2*1.6, "")) -> 171360 | AJ2: 多刺菊石獸 | AK2: 207 | AL2: D | AM2: =IF(AL2="G", AK2*450*1.2*1.6, IF(AL2="D", AK2*350*1.2*1.6, "")) -> 139104 | AO2: 巴大蝶 | AP2: 167 | AQ2: G | AR2: =IF(AQ2="G", AP2*450*1.2*1.6, IF(AQ2="D", AP2*350*1.2*1.6, "")) -> 144288 | AT2: 耿鬼 | AU2: 261 | AV2: G | AW2: =IF(AV2="G", AU2*450*1.2*1.6, IF(AV2="D", AU2*350*1.2*1.6, "")) -> 225504 | AY2: 蒼響 | AZ2: 332 | BA2: D | BB2: =IF(BA2="G", AZ2*450*1.2*1.6, IF(BA2="D", AZ2*350*1.2*1.6, "")) -> 223104 | BD2: 戰弦蠑螈(G) | BE2: 224 | BF2: G | BG2: =IF(BF2="G", BE2*450*1.2*1.6, IF(BF2="D", BE2*350*1.2*1.6, "")) -> 193536 | BI2: 拉帝歐斯 | BJ2: 268 | BK2: D | BL2: =IF(BK2="G", BJ2*450*1.2*1.6, IF(BK2="D", BJ2*350*1.2*1.6, "")) -> 180096 | BN2: 拉普拉斯 | BO2: 165 | BP2: G | BQ2: =IF(BP2="G", BO2*450*1.2*1.6, IF(BP2="D", BO2*350*1.2*1.6, "")) -> 142560 | BS2: 無極汰那 | BT2: 278 | BU2: D | BV2: =IF(BU2="G", BT2*450*1.2*1.6, IF(BU2="D", BT2*350*1.2*1.6, "")) -> 186816 | BX2: 武道熊師(一) | BY2: 254 | BZ2: D | CA2: =IF(BZ2="G", BY2*450*1.2*1.6, IF(BZ2="D", BY2*350*1.2*1.6, "")) -> 170688 | CC2: 布莉姆溫 | CD2: 237 | CE2: D | CF2: =IF(CE2="G", CD2*450*1.2*1.6, IF(CE2="D", CD2*350*1.2*1.6, "")) -> 159264
A3: 噴火龍(G) | B3: 223 | C3: G | D3: =IF(C3="G", B3*450*1.2*1.6, IF(C3="D", B3*350*1.2*1.6, "")) -> 192672 | F3: 巨鉗蟹 | G3: 240 | H3: G | I3: =IF(H3="G", G3*450*1.2*1.6, IF(H3="D", G3*350*1.2*1.6, "")) -> 207360 | K3: 妙蛙花 | L3: 198 | M3: G | N3: =IF(M3="G", L3*450*1.2*1.6, IF(M3="D", L3*350*1.2*1.6, "")) -> 171072 | P3: 武道熊師 | Q3: 254 | R3: D | S3: =IF(R3="G", Q3*450*1.2*1.6, IF(R3="D", Q3*350*1.2*1.6, "")) -> 170688 | U3: 火焰鳥 | V3: 251 | W3: D | X3: =IF(W3="G", V3*450*1.2*1.6, IF(W3="D", V3*350*1.2*1.6, "")) -> 168672 | AE3: 巨鉗蟹 | AF3: 240 | AG3: D | AH3: =IF(AG3="G", AF3*450*1.2*1.6, IF(AG3="D", AF3*350*1*1.6, "")) -> 134400 | AJ3: 吼鯨王 | AK3: 175 | AL3: D | AM3: =IF(AL3="G", AK3*450*1.2*1.6, IF(AL3="D", AK3*350*1*1.6, "")) -> 98000 | AO3: 巨金怪 | AP3: 257 | AQ3: D | AR3: =IF(AQ3="G", AP3*450*1.2*1.6, IF(AQ3="D", AP3*350*1*1.6, "")) -> 143920 | AT3: 耿鬼 | AU3: 261 | AV3: D | AW3: =IF(AV3="G", AU3*450*1.2*1.6, IF(AV3="D", AU3*350*1.2*1.6, "")) -> 175392 | AY3: 巨金怪 | AZ3: 257 | BA3: D | BB3: =IF(BA3="G", AZ3*450*1.2*1.6, IF(BA3="D", AZ3*350*1.2*1.6, "")) -> 172704 | BD3: 閃電鳥 | BE3: 253 | BF3: D | BG3: =IF(BF3="G", BE3*450*1.2*1.6, IF(BF3="D", BE3*350*1.2*1.6, "")) -> 170016 | BI3: 巨金怪 | BJ3: 257 | BK3: D | BL3: =IF(BK3="G", BJ3*450*1.2*1.6, IF(BK3="D", BJ3*350*1.2*1.6, "")) -> 172704 | BN3: 急凍鳥 | BO3: 192 | BP3: D | BQ3: =IF(BP3="G", BO3*450*1.2*1.6, IF(BP3="D", BO3*350*1.2*1.6, "")) -> 129024 | BS3: 拉帝歐斯 | BT3: 268 | BU3: D | BV3: =IF(BU3="G", BT3*450*1.2*1.6, IF(BU3="D", BT3*350*1.2*1.6, "")) -> 180096 | BX3: 耿鬼 | BY3: 261 | BZ3: D | CA3: =IF(BZ3="G", BY3*450*1.2*1.6, IF(BZ3="D", BY3*350*1*1.6, "")) -> 146160
A4: 達摩狒狒 | B4: 263 | C4: D | D4: =IF(C4="G", B4*450*1.2*1.6, IF(C4="D", B4*350*1.2*1.6, "")) -> 176736 | F4: 武道熊師(連) | G4: 254 | H4: D | I4: =IF(H4="G", G4*450*1.2*1.6, IF(H4="D", G4*350*1.2*1.6, "")) -> 170688 | K4: 轟擂金剛猩 | L4: 239 | M4: D | N4: =IF(M4="G", L4*450*1.2*1.6, IF(M4="D", L4*350*1.2*1.6, "")) -> 160608 | P4: 怪力 | Q4: 234 | R4: D | S4: =IF(R4="G", Q4*450*1.2*1.6, IF(R4="D", Q4*350*1.2*1.6, "")) -> 157248 | U4: 高傲雉雞 | V4: 226 | W4: D | X4: =IF(W4="G", V4*450*1.2*1.6, IF(W4="D", V4*350*1.2*1.6, "")) -> 151872 | AE4: 鐮刀盔 | AF4: 220 | AG4: D | AH4: =IF(AG4="G", AF4*450*1.2*1.6, IF(AG4="D", AF4*350*1*1.6, "")) -> 123200 | AJ4: 水箭龜 | AK4: 171 | AL4: D | AM4: =IF(AL4="G", AK4*450*1.2*1.6, IF(AL4="D", AK4*350*1*1.6, "")) -> 95760 | AO4: 鐮刀盔 | AP4: 220 | AQ4: D | AR4: =IF(AQ4="G", AP4*450*1.2*1.6, IF(AQ4="D", AP4*350*1*1.6, "")) -> 123200 | AT4: 勾魂眼 | AU4: 141 | AV4: D | AW4: =IF(AV4="G", AU4*450*1.2*1.6, IF(AV4="D", AU4*350*1.2*1.6, "")) -> 94752 | AY4: 龍頭地鼠 | AZ4: 255 | BA4: D | BB4: =IF(BA4="G", AZ4*450*1.2*1.6, IF(BA4="D", AZ4*350*1.2*1.6, "")) -> 171360 | BD4: 雷公 | BE4: 241 | BF4: D | BG4: =IF(BF4="G", BE4*450*1.2*1.6, IF(BF4="D", BE4*350*1.2*1.6, "")) -> 161952 | BI4: 布莉姆溫 | BJ4: 237 | BK4: D | BL4: =IF(BK4="G", BJ4*450*1.2*1.6, IF(BK4="D", BJ4*350*1.2*1.6, "")) -> 159264 | BN4: 幾何雪花 | BO4: 190 | BP4: D | BQ4: =IF(BP4="G", BO4*450*1.2*1.6, IF(BP4="D", BO4*350*1.2*1.6, "")) -> 127680 | BS4: 拉帝亞斯 | BT4: 228 | BU4: D | BV4: =IF(BU4="G", BT4*450*1.2*1.6, IF(BU4="D", BT4*350*1.2*1.6, "")) -> 153216 | BX4: 水箭龜 | BY4: 171 | BZ4: D | CA4: =IF(BZ4="G", BY4*450*1.2*1.6, IF(BZ4="D", BY4*350*1*1.6, "")) -> 95760
A5: 火焰鳥 | B5: 251 | C5: D | D5: =IF(C5="G", B5*450*1.2*1.6, IF(C5="D", B5*350*1.2*1.6, "")) -> 168672 | F5: 鐮刀盔 | G5: 220 | H5: D | I5: =IF(H5="G", G5*450*1.2*1.6, IF(H5="D", G5*350*1.2*1.6, "")) -> 147840 | K5: 妙蛙花 | L5: 198 | M5: D | N5: =IF(M5="G", L5*450*1.2*1.6, IF(M5="D", L5*350*1.2*1.6, "")) -> 133056 | P5: 投擲猴 | Q5: 222 | R5: D | S5: =IF(R5="G", Q5*450*1.2*1.6, IF(R5="D", Q5*350*1.2*1.6, "")) -> 149184 | U5: 噴火龍 | V5: 223 | W5: D | X5: =IF(W5="G", V5*450*1.2*1.6, IF(W5="D", V5*350*1.2*1.6, "")) -> 149856 | AE5: 多刺菊石獸 | AF5: 207 | AG5: D | AH5: =IF(AG5="G", AF5*450*1.2*1.6, IF(AG5="D", AF5*350*1*1.6, "")) -> 115920 | AJ5: 壺壺 | AK5: 17 | AL5: D | AM5: =IF(AL5="G", AK5*450*1.2*1.6, IF(AL5="D", AK5*350*1.2*1.6, "")) -> 11424 | AO5: 巴大蝶 | AP5: 167 | AQ5: D | AR5: =IF(AQ5="G", AP5*450*1.2*1.6, IF(AQ5="D", AP5*350*1.2*1.6, "")) -> 112224 | AY5: 藏瑪然特 | AZ5: 250 | BA5: D | BB5: =IF(BA5="G", AZ5*450*1.2*1.6, IF(BA5="D", AZ5*350*1.2*1.6, "")) -> 168000 | BD5: 戰弦蠑螈(D) | BE5: 224 | BF5: D | BG5: =IF(BF5="G", BE5*450*1.2*1.6, IF(BF5="D", BE5*350*1.2*1.6, "")) -> 150528 | BI5: 拉帝亞斯 | BJ5: 228 | BK5: D | BL5: =IF(BK5="G", BJ5*450*1.2*1.6, IF(BK5="D", BJ5*350*1.2*1.6, "")) -> 153216 | BS5: 噴火龍 | BT5: 223 | BU5: D | BV5: =IF(BU5="G", BT5*450*1.2*1.6, IF(BU5="D", BT5*350*1*1.6, "")) -> 124880 | BX5: 勾魂眼 | BY5: 141 | BZ5: D | CA5: =IF(BZ5="G", BY5*450*1.2*1.6, IF(BZ5="D", BY5*350*1.2*1.6, "")) -> 94752
A6: 炎帝 | B6: 238 | C6: D | D6: =IF(C6="G", B6*450*1.2*1.6, IF(C6="D", B6*350*1.2*1.6, "")) -> 159936 | F6: 水箭龜 | G6: 171 | H6: G | I6: =IF(H6="G", G6*450*1.2*1.6, IF(H6="D", G6*350*1.2*1.6, "")) -> 147744 | K6: 藏飽栗鼠 | L6: 160 | M6: D | N6: =IF(M6="G", L6*450*1*1.6, IF(M6="D", L6*350*1*1.6, "")) -> 89600 | P6: 列陣兵 | Q6: 193 | R6: D | S6: =IF(R6="G", Q6*450*1.2*1.6, IF(R6="D", Q6*350*1.2*1.6, "")) -> 129696 | U6: 鋼鎧鴉 | V6: 163 | W6: D | X6: =IF(W6="G", V6*450*1.2*1.6, IF(W6="D", V6*350*1.2*1.6, "")) -> 109536 | AE6: 鋼鎧鴉 | AF6: 163 | AG6: D | AH6: =IF(AG6="G", AF6*450*1.2*1.6, IF(AG6="D", AF6*350*1*1.6, "")) -> 91280 | AO6: 灰塵山 | AP6: 181 | AQ6: D | AR6: =IF(AQ6="G", AP6*450*1.2*1.6, IF(AQ6="D", AP6*350*1*1.6, "")) -> 101360 | AY6: 巨鉗蟹 | AZ6: 240 | BA6: D | BB6: =IF(BA6="G", AZ6*450*1.2*1.6, IF(BA6="D", AZ6*350*1*1.6, "")) -> 134400 | BI6: 吼鯨王 | BJ6: 175 | BK6: D | BL6: =IF(BK6="G", BJ6*450*1.2*1.6, IF(BK6="D", BJ6*350*1*1.6, "")) -> 98000 | BX6: 藏飽栗鼠 | BY6: 160 | BZ6: D | CA6: =IF(BZ6="G", BY6*450*1.2*1.6, IF(BZ6="D", BY6*350*1*1.6, "")) -> 89600
A7: 閃焰王牌(D) | B7: 238 | C7: D | D7: =IF(C7="G", B7*450*1.2*1.6, IF(C7="D", B7*350*1.2*1.6, "")) -> 159936 | F7: 多刺菊石獸 | G7: 207 | H7: D | I7: =IF(H7="G", G7*450*1.2*1.6, IF(H7="D", G7*350*1.2*1.6, "")) -> 139104 | P7: 鐮刀盔 | Q7: 220 | R7: D | S7: =IF(R7="G", Q7*450*1.2*1.6, IF(R7="D", Q7*350*1*1.6, "")) -> 123200 | AE7: 藏飽栗鼠 | AF7: 160 | AG7: D | AH7: =IF(AG7="G", AF7*450*1.2*1.6, IF(AG7="D", AF7*350*1*1.6, "")) -> 89600 | AO7: 壺壺 | AP7: 17 | AQ7: D | AR7: =IF(AQ7="G", AP7*450*1.2*1.6, IF(AQ7="D", AP7*350*1.2*1.6, "")) -> 11424 | AY7: 怪力 | AZ7: 234 | BA7: D | BB7: =IF(BA7="G", AZ7*450*1.2*1.6, IF(BA7="D", AZ7*350*1*1.6, "")) -> 131040 | BI7: 巴大蝶 | BJ7: 167 | BK7: D | BL7: =IF(BK7="G", BJ7*450*1.2*1.6, IF(BK7="D", BJ7*350*1*1.6, "")) -> 93520
A8: 噴火龍(D) | B8: 223 | C8: D | D8: =IF(C8="G", B8*450*1.2*1.6, IF(C8="D", B8*350*1.2*1.6, "")) -> 149856 | F8: 變澀蜥 | G8: 186 | H8: D | I8: =IF(H8="G", G8*450*1.2*1.6, IF(H8="D", G8*350*1.2*1.6, "")) -> 124992 | P8: 毛毛角羊 | Q8: 159 | R8: D | S8: =IF(R8="G", Q8*450*1.2*1.6, IF(R8="D", Q8*350*1*1.6, "")) -> 89040 | AY8: 高傲雉雞 | AZ8: 226 | BA8: D | BB8: =IF(BA8="G", AZ8*450*1.2*1.6, IF(BA8="D", AZ8*350*1*1.6, "")) -> 126560 | BI8: 幸福蛋 | BJ8: 129 | BK8: D | BL8: =IF(BK8="G", BJ8*450*1.2*1.6, IF(BK8="D", BJ8*350*1*1.6, "")) -> 72240
A9: 騰蹴小將 | B9: 170 | C9: D | D9: =IF(C9="G", B9*450*1.2*1.6, IF(C9="D", B9*350*1.2*1.6, "")) -> 114240 | F9: 大鉗蟹 | G9: 181 | H9: D | I9: =IF(H9="G", G9*450*1.2*1.6, IF(H9="D", G9*350*1.2*1.6, "")) -> 121632 | AY9: 鋼鎧鴉 | AZ9: 163 | BA9: D | BB9: =IF(BA9="G", AZ9*450*1.2*1.6, IF(BA9="D", AZ9*350*1.2*1.6, "")) -> 109536
A10: 火恐龍 | B10: 158 | C10: D | D10: =IF(C10="G", B10*450*1.2*1.6, IF(C10="D", B10*350*1.2*1.6, "")) -> 106176 | F10: 水君 | G10: 180 | H10: D | I10: =IF(H10="G", G10*450*1.2*1.6, IF(H10="D", G10*350*1.2*1.6, "")) -> 120960
A11: 火紅不倒翁 | B11: 153 | C11: D | D11: =IF(C11="G", B11*450*1.2*1.6, IF(C11="D", B11*350*1.2*1.6, "")) -> 102816 | F11: 吼鯨王 | G11: 175 | H11: D | I11: =IF(H11="G", G11*450*1.2*1.6, IF(H11="D", G11*350*1.2*1.6, "")) -> 117600
A12: 炎兔兒 | B12: 132 | C12: D | D12: =IF(C12="G", B12*450*1.2*1.6, IF(C12="D", B12*350*1.2*1.6, "")) -> 88704 | F12: 水箭龜 | G12: 171 | H12: D | I12: =IF(H12="G", G12*450*1.2*1.6, IF(H12="D", G12*350*1.2*1.6, "")) -> 114912
A13: 小火龍 | B13: 116 | C13: D | D13: =IF(C13="G", B13*450*1.2*1.6, IF(C13="D", B13*350*1.2*1.6, "")) -> 77952 | F13: 菊石獸 | G13: 155 | H13: D | I13: =IF(H13="G", G13*450*1.2*1.6, IF(H13="D", G13*350*1.2*1.6, "")) -> 104160
F14: 吼吼鯨 | G14: 136 | H14: D | I14: =IF(H14="G", G14*450*1.2*1.6, IF(H14="D", G14*350*1.2*1.6, "")) -> 91392
F15: 淚眼蜥 | G15: 132 | H15: D | I15: =IF(H15="G", G15*450*1.2*1.6, IF(H15="D", G15*350*1.2*1.6, "")) -> 88704
F16: 卡咪龜 | G16: 126 | H16: D | I16: =IF(H16="G", G16*450*1.2*1.6, IF(H16="D", G16*350*1.2*1.6, "")) -> 84672
F17: 傑尼龜 | G17: 94 | H17: D | I17: =IF(H17="G", G17*450*1.2*1.6, IF(H17="D", G17*350*1.2*1.6, "")) -> 63168

Sheet 能量點
A1: 45960 | C1: 45961 | E1: 45962
A2: 1300 | C2: 1320 | E2: =C4 -> 1190 | F2: 12點
A3: =A2+300 -> 1600 | B3: 2km | C3: =C2+120 -> 1440 | D3: 能量點 | E3: =E2+300 -> 1490 | F3: 原本的300
A4: =A3-1400 -> 200 | B4: 升級 | C4: =C3-250 -> 1190 | D4: 扣250 | E4: =E3+600 -> 2090 | F4: 500m
A5: =A4+480 -> 680 | B5: 4個能量點 | E5: =E4-800 -> 1290 | F5: 第一場
A6: =A5+300 -> 980 | B6: 2km | E6: =E5+600 -> 1890 | F6: 500m
E7: =E6-800 -> 1090 | F7: 第二場
E8: =E7+820 -> 1910 | F8: 能量點
E9: =E8-800 -> 1110 | F9: 第三場
E10: =E9+820 -> 1930 | F10: 能量點
E11: =E10-800 -> 1130 | F11: 第四場
E12: =E11+1500 -> 2630 | F12: 任務
E13: =E12-800 -> 1830 | F13: 第五場
E14: =E13-800 -> 1030 | F14: 第六場
E15: =E14-800 -> 230 | F15: 第七場
